-- ============================================================
-- 시뮬레이션 시드 데이터 — 2026-07-06
-- 목적: 시뮬레이터가 "조회할 데이터가 없음" 오류 없이 바로 동작하도록
--       회원·상품·주문·업체·쿠폰·할인·이벤트 기초 데이터 삽입
-- 적용 방법:
--   psql -h illeesam.synology.me -p 17632 -U postgres -d postgres \
--        -c "SET search_path=shopjoy_2604" \
--        -f migration_20260706_simul_seed.sql
-- ============================================================

SET search_path = shopjoy_2604;

-- ── 1. 회원 시드 (20명) ─────────────────────────────────────
INSERT INTO mb_member
  (member_id, site_id, login_id, login_pwd_hash, member_nm, member_phone, grade_cd, member_status_cd, join_date)
VALUES
  ('2607060000000001','260406000000000001','simul01@naver.com',   '$2b$10$AAAAAAAAAAAAAAAAAAAAAA.AAAAAAAAAAAAAAAAAAAAAA','김민준','01011110001','BASIC', 'ACTIVE',NOW()),
  ('2607060000000002','260406000000000001','simul02@gmail.com',   '$2b$10$AAAAAAAAAAAAAAAAAAAAAA.AAAAAAAAAAAAAAAAAAAAAA','이서연','01011110002','SILVER','ACTIVE',NOW()),
  ('2607060000000003','260406000000000001','simul03@kakao.com',   '$2b$10$AAAAAAAAAAAAAAAAAAAAAA.AAAAAAAAAAAAAAAAAAAAAA','박지우','01011110003','GOLD',  'ACTIVE',NOW()),
  ('2607060000000004','260406000000000001','simul04@naver.com',   '$2b$10$AAAAAAAAAAAAAAAAAAAAAA.AAAAAAAAAAAAAAAAAAAAAA','최수현','01011110004','VIP',   'ACTIVE',NOW()),
  ('2607060000000005','260406000000000001','simul05@gmail.com',   '$2b$10$AAAAAAAAAAAAAAAAAAAAAA.AAAAAAAAAAAAAAAAAAAAAA','정지원','01011110005','BASIC', 'ACTIVE',NOW()),
  ('2607060000000006','260406000000000001','simul06@kakao.com',   '$2b$10$AAAAAAAAAAAAAAAAAAAAAA.AAAAAAAAAAAAAAAAAAAAAA','한하은','01011110006','SILVER','ACTIVE',NOW()),
  ('2607060000000007','260406000000000001','simul07@naver.com',   '$2b$10$AAAAAAAAAAAAAAAAAAAAAA.AAAAAAAAAAAAAAAAAAAAAA','윤민서','01011110007','BASIC', 'ACTIVE',NOW()),
  ('2607060000000008','260406000000000001','simul08@hanmail.net', '$2b$10$AAAAAAAAAAAAAAAAAAAAAA.AAAAAAAAAAAAAAAAAAAAAA','장준혁','01011110008','GOLD',  'ACTIVE',NOW()),
  ('2607060000000009','260406000000000001','simul09@naver.com',   '$2b$10$AAAAAAAAAAAAAAAAAAAAAA.AAAAAAAAAAAAAAAAAAAAAA','임소율','01011110009','BASIC', 'ACTIVE',NOW()),
  ('2607060000000010','260406000000000001','simul10@gmail.com',   '$2b$10$AAAAAAAAAAAAAAAAAAAAAA.AAAAAAAAAAAAAAAAAAAAAA','신도현','01011110010','SILVER','ACTIVE',NOW()),
  ('2607060000000011','260406000000000001','simul11@nate.com',    '$2b$10$AAAAAAAAAAAAAAAAAAAAAA.AAAAAAAAAAAAAAAAAAAAAA','오민아','01011110011','BASIC', 'ACTIVE',NOW()),
  ('2607060000000012','260406000000000001','simul12@gmail.com',   '$2b$10$AAAAAAAAAAAAAAAAAAAAAA.AAAAAAAAAAAAAAAAAAAAAA','서준서','01011110012','VIP',   'ACTIVE',NOW()),
  ('2607060000000013','260406000000000001','simul13@naver.com',   '$2b$10$AAAAAAAAAAAAAAAAAAAAAA.AAAAAAAAAAAAAAAAAAAAAA','권지민','01011110013','SILVER','ACTIVE',NOW()),
  ('2607060000000014','260406000000000001','simul14@kakao.com',   '$2b$10$AAAAAAAAAAAAAAAAAAAAAA.AAAAAAAAAAAAAAAAAAAAAA','남현우','01011110014','GOLD',  'ACTIVE',NOW()),
  ('2607060000000015','260406000000000001','simul15@naver.com',   '$2b$10$AAAAAAAAAAAAAAAAAAAAAA.AAAAAAAAAAAAAAAAAAAAAA','유지영','01011110015','BASIC', 'ACTIVE',NOW()),
  ('2607060000000016','260406000000000001','simul16@gmail.com',   '$2b$10$AAAAAAAAAAAAAAAAAAAAAA.AAAAAAAAAAAAAAAAAAAAAA','조성훈','01011110016','BASIC', 'ACTIVE',NOW()),
  ('2607060000000017','260406000000000001','simul17@nate.com',    '$2b$10$AAAAAAAAAAAAAAAAAAAAAA.AAAAAAAAAAAAAAAAAAAAAA','강예린','01011110017','SILVER','ACTIVE',NOW()),
  ('2607060000000018','260406000000000001','simul18@gmail.com',   '$2b$10$AAAAAAAAAAAAAAAAAAAAAA.AAAAAAAAAAAAAAAAAAAAAA','배민재','01011110018','GOLD',  'ACTIVE',NOW()),
  ('2607060000000019','260406000000000001','simul19@naver.com',   '$2b$10$AAAAAAAAAAAAAAAAAAAAAA.AAAAAAAAAAAAAAAAAAAAAA','송하린','01011110019','VIP',   'ACTIVE',NOW()),
  ('2607060000000020','260406000000000001','simul20@kakao.com',   '$2b$10$AAAAAAAAAAAAAAAAAAAAAA.AAAAAAAAAAAAAAAAAAAAAA','홍준영','01011110020','BASIC', 'ACTIVE',NOW())
ON CONFLICT (member_id) DO NOTHING;

-- ── 2. 업체 시드 (5개) — 정산 시뮬용 ───────────────────────
INSERT INTO sy_vendor
  (vendor_id, site_id, vendor_no, vendor_nm, ceo_nm, vendor_type, vendor_phone, vendor_email, vendor_status_cd)
VALUES
  ('2607060100000001','260406000000000001','BIZ-S001','시뮬테스트업체1','김테스트','온라인', '0210001001','vendor1@simul.test','ACTIVE'),
  ('2607060100000002','260406000000000001','BIZ-S002','시뮬테스트업체2','이테스트','온라인', '0210001002','vendor2@simul.test','ACTIVE'),
  ('2607060100000003','260406000000000001','BIZ-S003','시뮬테스트업체3','박테스트','오프라인','0210001003','vendor3@simul.test','ACTIVE'),
  ('2607060100000004','260406000000000001','BIZ-S004','시뮬테스트업체4','최테스트','온라인', '0210001004','vendor4@simul.test','ACTIVE'),
  ('2607060100000005','260406000000000001','BIZ-S005','시뮬테스트업체5','정테스트','오프라인','0210001005','vendor5@simul.test','ACTIVE')
ON CONFLICT (vendor_id) DO NOTHING;

-- ── 3. 상품 시드 (30개, SELLING 상태) ─────────────────────────
INSERT INTO pd_prod
  (prod_id, site_id, vendor_id, prod_nm, prod_type_cd, prod_code, list_price, sale_price, prod_stock, prod_status_cd)
VALUES
  ('2607060200000001','260406000000000001','2607060100000001','[시뮬]에코 텀블러 500ml',      'SINGLE','SIM-P001',25000, 19800, 100,'SELLING'),
  ('2607060200000002','260406000000000001','2607060100000001','[시뮬]유기농 그린티 30개입',    'SINGLE','SIM-P002',18000, 15000, 200,'SELLING'),
  ('2607060200000003','260406000000000001','2607060100000002','[시뮬]캔버스 토트백 M',         'SINGLE','SIM-P003',45000, 38000,  50,'SELLING'),
  ('2607060200000004','260406000000000001','2607060100000002','[시뮬]스테인리스 도시락',        'SINGLE','SIM-P004',32000, 26500,  80,'SELLING'),
  ('2607060200000005','260406000000000001','2607060100000003','[시뮬]대나무 칫솔 4개',         'SINGLE','SIM-P005',12000,  9500, 300,'SELLING'),
  ('2607060200000006','260406000000000001','2607060100000003','[시뮬]리사이클 메모장',          'SINGLE','SIM-P006', 8000,  6500, 150,'SELLING'),
  ('2607060200000007','260406000000000001','2607060100000001','[시뮬]비건 핸드크림 50ml',      'SINGLE','SIM-P007',15000, 12000, 200,'SELLING'),
  ('2607060200000008','260406000000000001','2607060100000002','[시뮬]재활용 볼펜 세트',         'SINGLE','SIM-P008', 6000,  4800, 500,'SELLING'),
  ('2607060200000009','260406000000000001','2607060100000004','[시뮬]천연 빨대 20개',          'SINGLE','SIM-P009',10000,  8000, 250,'SELLING'),
  ('2607060200000010','260406000000000001','2607060100000004','[시뮬]오가닉 쿠션 40x40',       'SINGLE','SIM-P010',55000, 46000,  30,'SELLING'),
  ('2607060200000011','260406000000000001','2607060100000005','[시뮬]코르크 마개 10개',         'SINGLE','SIM-P011', 7000,  5500, 400,'SELLING'),
  ('2607060200000012','260406000000000001','2607060100000005','[시뮬]친환경 식기 세트',         'SINGLE','SIM-P012',42000, 35000,  60,'SELLING'),
  ('2607060200000013','260406000000000001','2607060100000001','[시뮬]솔리드 샴푸바',            'SINGLE','SIM-P013',14000, 11500, 180,'SELLING'),
  ('2607060200000014','260406000000000001','2607060100000002','[시뮬]왁스 랩 30x30',           'SINGLE','SIM-P014',16000, 13000, 120,'SELLING'),
  ('2607060200000015','260406000000000001','2607060100000003','[시뮬]실리콘 용기 3종',          'SINGLE','SIM-P015',28000, 23000,  90,'SELLING'),
  ('2607060200000016','260406000000000001','2607060100000003','[시뮬]제로웨이스트 치약',         'SINGLE','SIM-P016',11000,  9000, 220,'SELLING'),
  ('2607060200000017','260406000000000001','2607060100000004','[시뮬]천연 세탁볼 3개',          'SINGLE','SIM-P017',20000, 16500, 140,'SELLING'),
  ('2607060200000018','260406000000000001','2607060100000004','[시뮬]세탁소다 1kg',             'SINGLE','SIM-P018', 9000,  7200, 350,'SELLING'),
  ('2607060200000019','260406000000000001','2607060100000005','[시뮬]면 손수건 5장',            'SINGLE','SIM-P019',13000, 10500, 160,'SELLING'),
  ('2607060200000020','260406000000000001','2607060100000005','[시뮬]귀리 그래놀라 500g',        'SINGLE','SIM-P020',17000, 14000, 110,'SELLING'),
  ('2607060200000021','260406000000000001','2607060100000001','[시뮬]콜드브루 원액 500ml',      'SINGLE','SIM-P021',22000, 18500,  75,'SELLING'),
  ('2607060200000022','260406000000000001','2607060100000002','[시뮬]플라워 포푸리',             'SINGLE','SIM-P022',19000, 15800,  95,'SELLING'),
  ('2607060200000023','260406000000000001','2607060100000003','[시뮬]목재 연필 6B',             'SINGLE','SIM-P023', 5000,  4000, 600,'SELLING'),
  ('2607060200000024','260406000000000001','2607060100000004','[시뮬]마크라메 벽장식',           'SINGLE','SIM-P024',65000, 55000,  20,'SELLING'),
  ('2607060200000025','260406000000000001','2607060100000005','[시뮬]유리 식품보관용기',          'SINGLE','SIM-P025',35000, 29000,  45,'SELLING'),
  ('2607060200000026','260406000000000001','2607060100000001','[시뮬]모어스 양초 150g',         'SINGLE','SIM-P026',24000, 19500,  85,'SELLING'),
  ('2607060200000027','260406000000000001','2607060100000002','[시뮬]무형광 면 수건 2장',        'SINGLE','SIM-P027',18000, 14500, 130,'SELLING'),
  ('2607060200000028','260406000000000001','2607060100000003','[시뮬]우드 키친 스푼',            'SINGLE','SIM-P028',12000,  9800, 190,'SELLING'),
  ('2607060200000029','260406000000000001','2607060100000004','[시뮬]스텐 밀대 청소솔',          'SINGLE','SIM-P029',16500, 13500, 115,'SELLING'),
  ('2607060200000030','260406000000000001','2607060100000005','[시뮬]팜 오일 무첨가 비누',       'SINGLE','SIM-P030', 9500,  7800, 280,'SELLING')
ON CONFLICT (prod_id) DO NOTHING;

-- ── 4. 주문 시드 (10건, COMPLT 상태) — 클레임 시뮬용 ──────────
INSERT INTO od_order
  (order_id, site_id, member_id, member_nm, order_date, total_amt, pay_amt, pay_method_cd, order_status_cd)
VALUES
  ('2607060300000001','260406000000000001','2607060000000001','김민준', NOW()-INTERVAL '30 days', 38000, 38000,'CARD', 'COMPLT'),
  ('2607060300000002','260406000000000001','2607060000000002','이서연', NOW()-INTERVAL '25 days', 55000, 55000,'TOSS', 'COMPLT'),
  ('2607060300000003','260406000000000001','2607060000000003','박지우', NOW()-INTERVAL '20 days', 29000, 29000,'KAKAO','COMPLT'),
  ('2607060300000004','260406000000000001','2607060000000004','최수현', NOW()-INTERVAL '18 days', 46000, 46000,'CARD', 'COMPLT'),
  ('2607060300000005','260406000000000001','2607060000000005','정지원', NOW()-INTERVAL '15 days', 23000, 23000,'VBANK','COMPLT'),
  ('2607060300000006','260406000000000001','2607060000000006','한하은', NOW()-INTERVAL '12 days', 67000, 67000,'CARD', 'COMPLT'),
  ('2607060300000007','260406000000000001','2607060000000007','윤민서', NOW()-INTERVAL '10 days', 14500, 14500,'TOSS', 'COMPLT'),
  ('2607060300000008','260406000000000001','2607060000000008','장준혁', NOW()-INTERVAL '8 days',  52000, 52000,'CARD', 'COMPLT'),
  ('2607060300000009','260406000000000001','2607060000000009','임소율', NOW()-INTERVAL '5 days',  31000, 31000,'NAVER','COMPLT'),
  ('2607060300000010','260406000000000001','2607060000000010','신도현', NOW()-INTERVAL '3 days',  44500, 44500,'KAKAO','COMPLT')
ON CONFLICT (order_id) DO NOTHING;

-- ── 5. 쿠폰 시드 (5개) — 프로모션 시뮬 수정용 ─────────────────
-- pm_coupon: coupon_cd(NOT NULL), discount_rate / discount_amt, valid_from / valid_to
INSERT INTO pm_coupon
  (coupon_id, site_id, coupon_cd, coupon_nm, coupon_type_cd,
   discount_rate, discount_amt, valid_from, valid_to, coupon_status_cd)
VALUES
  ('2607060400000001','260406000000000001','SIMUL-C001','[시뮬]신규가입 쿠폰',  'DOWNLOAD', 10,    0,    CURRENT_DATE, CURRENT_DATE+90, 'ACTIVE'),
  ('2607060400000002','260406000000000001','SIMUL-C002','[시뮬]VIP 전용 쿠폰',  'AUTO',     20,    0,    CURRENT_DATE, CURRENT_DATE+60, 'ACTIVE'),
  ('2607060400000003','260406000000000001','SIMUL-C003','[시뮬]생일 축하 쿠폰', 'AUTO',      0, 5000,  CURRENT_DATE, CURRENT_DATE+30, 'ACTIVE'),
  ('2607060400000004','260406000000000001','SIMUL-C004','[시뮬]친구추천 쿠폰',  'CODE',     15,    0,    CURRENT_DATE, CURRENT_DATE+45, 'ACTIVE'),
  ('2607060400000005','260406000000000001','SIMUL-C005','[시뮬]첫구매 할인 쿠폰','DOWNLOAD',  0, 3000,  CURRENT_DATE, CURRENT_DATE+120,'ACTIVE')
ON CONFLICT (coupon_id) DO NOTHING;

-- ── 6. 할인 시드 (5개) ────────────────────────────────────────
-- pm_discnt: discnt_value, start_date / end_date (TIMESTAMP)
INSERT INTO pm_discnt
  (discnt_id, site_id, discnt_nm, discnt_type_cd, discnt_target_cd,
   discnt_value, start_date, end_date, discnt_status_cd)
VALUES
  ('2607060500000001','260406000000000001','[시뮬]여름시즌 15% 할인',     'RATE', 'ALL',          15, NOW(), NOW()+INTERVAL '30 days','ACTIVE'),
  ('2607060500000002','260406000000000001','[시뮬]장바구니 1만원 할인',    'FIXED','ALL',       10000, NOW(), NOW()+INTERVAL '14 days','ACTIVE'),
  ('2607060500000003','260406000000000001','[시뮬]GOLD 등급 20% 할인',    'RATE', 'MEMBER_GRADE',  20, NOW(), NOW()+INTERVAL '60 days','ACTIVE'),
  ('2607060500000004','260406000000000001','[시뮬]카테고리 뷰티 10% 할인', 'RATE', 'CATEGORY',     10, NOW(), NOW()+INTERVAL '21 days','ACTIVE'),
  ('2607060500000005','260406000000000001','[시뮬]주말 특가 5천원 할인',   'FIXED','ALL',        5000, NOW(), NOW()+INTERVAL '7 days', 'ACTIVE')
ON CONFLICT (discnt_id) DO NOTHING;

-- ── 7. 이벤트 시드 (3개) ─────────────────────────────────────
-- pm_event: start_date / end_date (DATE NOT NULL), status default 'DRAFT'
INSERT INTO pm_event
  (event_id, site_id, event_nm, event_type_cd, start_date, end_date, event_status_cd, use_yn)
VALUES
  ('2607060600000001','260406000000000001','[시뮬]여름맞이 친환경 챌린지','PHOTO',  CURRENT_DATE, CURRENT_DATE+30,'ACTIVE','Y'),
  ('2607060600000002','260406000000000001','[시뮬]녹색생활 퀴즈 이벤트',  'QUIZ',   CURRENT_DATE, CURRENT_DATE+14,'ACTIVE','Y'),
  ('2607060600000003','260406000000000001','[시뮬]8월 신상 사전예약',      'NOTICE', CURRENT_DATE+7,CURRENT_DATE+30,'DRAFT', 'Y')
ON CONFLICT (event_id) DO NOTHING;

-- ── 완료 메시지 ──────────────────────────────────────────────
DO $$
BEGIN
  RAISE NOTICE '================================================';
  RAISE NOTICE '시뮬레이션 시드 데이터 적용 완료';
  RAISE NOTICE '  - 회원:   20건 (ID: 2607060000000001~20)';
  RAISE NOTICE '  - 업체:    5건 (ID: 2607060100000001~05)';
  RAISE NOTICE '  - 상품:   30건 (ID: 2607060200000001~30, SELLING)';
  RAISE NOTICE '  - 주문:   10건 (ID: 2607060300000001~10, COMPLT)';
  RAISE NOTICE '  - 쿠폰:    5건 (ID: 2607060400000001~05, ACTIVE)';
  RAISE NOTICE '  - 할인:    5건 (ID: 2607060500000001~05, ACTIVE)';
  RAISE NOTICE '  - 이벤트:  3건 (ID: 2607060600000001~03)';
  RAISE NOTICE '================================================';
  RAISE NOTICE '모두 ON CONFLICT DO NOTHING — 중복 실행 안전';
END $$;
