-- ================================================================
-- cm_blog / cm_blog_cate / cm_blog_file / cm_blog_good
-- cm_blog_reply / cm_blog_tag 블로그 샘플 데이터
-- 생성: generate_sample_sql_bltn.js
-- 이미지 URL 기준: http://localhost:8008/cdn/prod/img/blog/
-- ================================================================
SET search_path TO shopjoy_2604;

-- ── 1. cm_blog_cate — 블로그 카테고리 ─────────────────────────────
INSERT INTO shopjoy_2604.cm_blog_cate (blog_cate_id, site_id, blog_cate_nm, sort_ord, use_yn, reg_by, reg_date) VALUES ('BC000001', 'SITE000001', '패션', '1', 'Y', 'SYSTEM', '2026-01-10 09:00:00') ON CONFLICT DO NOTHING;
INSERT INTO shopjoy_2604.cm_blog_cate (blog_cate_id, site_id, blog_cate_nm, sort_ord, use_yn, reg_by, reg_date) VALUES ('BC000002', 'SITE000001', '라이프스타일', '2', 'Y', 'SYSTEM', '2026-01-10 09:00:00') ON CONFLICT DO NOTHING;
INSERT INTO shopjoy_2604.cm_blog_cate (blog_cate_id, site_id, blog_cate_nm, sort_ord, use_yn, reg_by, reg_date) VALUES ('BC000003', 'SITE000001', '트렌드', '3', 'Y', 'SYSTEM', '2026-01-10 09:00:00') ON CONFLICT DO NOTHING;
INSERT INTO shopjoy_2604.cm_blog_cate (blog_cate_id, site_id, blog_cate_nm, sort_ord, use_yn, reg_by, reg_date) VALUES ('BC000004', 'SITE000001', '스타일링 팁', '4', 'Y', 'SYSTEM', '2026-01-10 09:00:00') ON CONFLICT DO NOTHING;
INSERT INTO shopjoy_2604.cm_blog_cate (blog_cate_id, site_id, blog_cate_nm, sort_ord, use_yn, reg_by, reg_date) VALUES ('BC000005', 'SITE000001', '뷰티', '5', 'Y', 'SYSTEM', '2026-01-10 09:00:00') ON CONFLICT DO NOTHING;
INSERT INTO shopjoy_2604.cm_blog_cate (blog_cate_id, site_id, blog_cate_nm, sort_ord, use_yn, reg_by, reg_date) VALUES ('BC000006', 'SITE000001', '여행', '6', 'Y', 'SYSTEM', '2026-01-10 09:00:00') ON CONFLICT DO NOTHING;

-- ── 2. cm_blog — 블로그 게시글 ───────────────────────────────────
INSERT INTO shopjoy_2604.cm_blog (blog_id, site_id, blog_cate_id, blog_title, blog_summary, blog_content, blog_author, prod_id, view_count, use_yn, is_notice, reg_by, reg_date) VALUES ('BL000001', 'SITE000001', 'BC000001', '2026 봄 시즌 패션 완전 정복', '올봄 반드시 알아야 할 트렌드 아이템과 스타일링 법칙을 총정리했습니다.', '<p>봄이 성큼 다가왔습니다. 올 시즌 패션 트렌드의 핵심 키워드는 <strong>가볍고 자유로움</strong>입니다.</p>
<p>쉬폰 소재의 블라우스, 와이드 슬랙스, 오버사이즈 트렌치코트가 올봄 필수 아이템으로 꼽힙니다. 특히 파스텔 컬러 팔레트가 강세를 보이며 라벤더, 민트, 피치 톤이 주목받고 있습니다.</p>
<p>코디 포인트: 뉴트럴 베이스에 원색 포인트 아이템 하나. 미니멀하지만 임팩트 있는 스타일을 추구해보세요.</p>
<p>이번 시즌 ShopJoy에서 엄선한 봄 신상을 확인해보세요. 한정 수량이니 서두르세요!</p>', '김민지', 'PD000001', '3420', 'Y', 'N', 'SYSTEM', '2026-04-10 10:00:00') ON CONFLICT DO NOTHING;
INSERT INTO shopjoy_2604.cm_blog (blog_id, site_id, blog_cate_id, blog_title, blog_summary, blog_content, blog_author, prod_id, view_count, use_yn, is_notice, reg_by, reg_date) VALUES ('BL000002', 'SITE000001', 'BC000001', '봄 아우터 베스트 5 완벽 비교', '트렌치코트부터 라이트 재킷까지 올봄 필수 아우터 5가지 심층 비교.', '<p>환절기 필수 아이템, 봄 아우터. 올해는 어떤 아우터를 선택해야 할까요?</p>
<h3>1위 - 오버핏 트렌치코트</h3>
<p>클래식의 귀환. 베이지 또는 카키 컬러로 선택하면 어떤 하의와도 잘 어울립니다.</p>
<h3>2위 - 리넨 블레이저</h3>
<p>가볍고 통기성이 좋아 한낮 더위에도 걸치기 편합니다. 캐주얼·포멀 모두 소화 가능.</p>
<h3>3위 - 퀼팅 패딩 조끼</h3>
<p>아침·저녁 쌀쌀한 날씨에 레이어드 핵심 아이템. 셔츠 위에 가볍게 걸치세요.</p>
<h3>4위 - 데님 재킷</h3>
<p>워싱 데님 재킷은 캐주얼 룩의 완성. 청청 코디도 올해는 트렌디합니다.</p>
<h3>5위 - 봄 점퍼</h3>
<p>활동적인 라이프스타일에 최적. 방수 기능이 있으면 더욱 실용적입니다.</p>', '강하늘', 'PD000005', '2180', 'Y', 'N', 'SYSTEM', '2026-04-07 11:30:00') ON CONFLICT DO NOTHING;
INSERT INTO shopjoy_2604.cm_blog (blog_id, site_id, blog_cate_id, blog_title, blog_summary, blog_content, blog_author, prod_id, view_count, use_yn, is_notice, reg_by, reg_date) VALUES ('BL000003', 'SITE000001', 'BC000001', '데님 스타일링 A to Z', '계절별 데님 스타일링 팁과 케어 방법. 기본 아이템 데님 200% 활용법.', '<p>데님은 패션 아이템 중 가장 오래되고, 가장 다양하게 활용할 수 있는 소재입니다.</p>
<p><strong>스키니 vs 와이드</strong>: 올해는 루즈 핏 와이드 데님이 대세. 하이웨이스트 라인으로 다리 라인을 살려보세요.</p>
<p>데님 케어 핵심: 세탁은 찬물 단독, 뒤집어서 세탁기 돌리기, 건조기 사용 금지. 이 세 가지만 지켜도 데님 수명이 2~3배 늘어납니다.</p>
<p>올봄 데님 코디 제안: 화이트 오버핏 티 + 라이트 블루 와이드 진 + 화이트 스니커즈. 심플하지만 세련된 룩!</p>', '정다운', 'PD000003', '1560', 'Y', 'N', 'SYSTEM', '2026-04-03 14:00:00') ON CONFLICT DO NOTHING;
INSERT INTO shopjoy_2604.cm_blog (blog_id, site_id, blog_cate_id, blog_title, blog_summary, blog_content, blog_author, prod_id, view_count, use_yn, is_notice, reg_by, reg_date) VALUES ('BL000004', 'SITE000001', 'BC000001', '미니멀 패션으로 매일 세련되게', '적은 아이템으로 다양한 코디를 완성하는 미니멀 패션의 기술.', '<p>미니멀 패션의 핵심은 <strong>질 좋은 기본 아이템</strong>을 갖추는 것입니다.</p>
<p>추천 기본 아이템: 화이트 셔츠 1벌, 블랙 슬랙스 1벌, 베이지 트렌치코트 1벌, 청바지 1벌, 블랙 미디 드레스 1벌. 이 5가지면 한 달 코디가 가능합니다.</p>
<p>컬러 팔레트를 화이트-베이지-그레이-블랙으로 통일하면 어떤 아이템을 꺼내도 매칭이 됩니다. 포인트 컬러는 한 시즌에 1가지만 선택.</p>
<p>미니멀 라이프는 옷장을 비우는 것이 아닌, 진정으로 나를 표현하는 아이템만 남기는 과정입니다.</p>', '이수진', NULL, '987', 'Y', 'N', 'SYSTEM', '2026-03-28 09:00:00') ON CONFLICT DO NOTHING;
INSERT INTO shopjoy_2604.cm_blog (blog_id, site_id, blog_cate_id, blog_title, blog_summary, blog_content, blog_author, prod_id, view_count, use_yn, is_notice, reg_by, reg_date) VALUES ('BL000005', 'SITE000001', 'BC000001', '직장인 오피스룩 완성 가이드', '세련된 직장인 스타일, 편하면서도 프로페셔널한 오피스 패션 노하우.', '<p>매일 아침 "오늘 뭐 입지?" 고민하는 직장인들을 위한 스타일 가이드입니다.</p>
<p><strong>요일별 코디 루틴</strong>을 만들면 아침 시간이 절약됩니다. 월요일은 포멀(블레이저+슬랙스), 화-목은 스마트 캐주얼, 금요일은 캐주얼 데이로 설정해보세요.</p>
<p>오피스룩 핵심 아이템: 핏 좋은 테일러드 재킷, 주름 없는 셔츠, 스트레이트 슬랙스, 심플 플랫 슈즈. 여기에 작은 크로스백 하나면 완성.</p>
<p>컬러는 네이비, 그레이, 블랙, 화이트 위주로. 포인트는 스카프나 작은 액세서리로 표현하세요.</p>', '박지현', NULL, '2340', 'Y', 'N', 'SYSTEM', '2026-03-20 10:00:00') ON CONFLICT DO NOTHING;
INSERT INTO shopjoy_2604.cm_blog (blog_id, site_id, blog_cate_id, blog_title, blog_summary, blog_content, blog_author, prod_id, view_count, use_yn, is_notice, reg_by, reg_date) VALUES ('BL000006', 'SITE000001', 'BC000003', '2026 봄 트렌드 컬러 완벽 가이드', '올봄 주목해야 할 트렌드 컬러와 컬러 매칭법. 파스텔부터 비비드까지.', '<p>올 봄·여름 시즌의 핵심 컬러를 소개합니다. Pantone과 각 패션위크 런웨이에서 공통으로 포착된 컬러들입니다.</p>
<p><strong>라벤더 헤이즈</strong>: 올해의 컬러. 부드럽고 몽환적인 라벤더 톤은 캐주얼부터 포멀까지 완벽하게 소화됩니다.</p>
<p><strong>소프트 민트</strong>: 자연에서 영감을 받은 민트 그린. 화이트나 크림과 매칭하면 상쾌한 봄 무드를 완성합니다.</p>
<p><strong>코랄 핑크</strong>: 생동감 넘치는 에너지. 네이비나 카키와 대비를 이루면 세련된 인상을 줍니다.</p>
<p>컬러 믹스 황금 법칙: 파스텔 2가지 + 뉴트럴 1가지. 이 조합이면 실패 없는 봄 코디가 완성됩니다.</p>', '이수진', NULL, '4120', 'Y', 'N', 'SYSTEM', '2026-04-08 11:00:00') ON CONFLICT DO NOTHING;
INSERT INTO shopjoy_2604.cm_blog (blog_id, site_id, blog_cate_id, blog_title, blog_summary, blog_content, blog_author, prod_id, view_count, use_yn, is_notice, reg_by, reg_date) VALUES ('BL000007', 'SITE000001', 'BC000003', '패션위크 베스트 룩 분석', '파리, 밀라노, 뉴욕 패션위크 하이라이트 & 2026 F/W 주목 트렌드.', '<p>2026 F/W 시즌 패션위크가 막을 내렸습니다. 런웨이에서 공통으로 보인 키트렌드를 분석합니다.</p>
<p><strong>코쿤 실루엣</strong>: 몸을 감싸는 오버사이즈 코쿤 코트가 강세. 내추럴 소재와 결합해 고급스러운 볼륨감을 표현합니다.</p>
<p><strong>70년대 레트로</strong>: 와이드 플레어 팬츠, 블록힐 부츠, 어스 톤 컬러로 70년대 감성이 돌아왔습니다.</p>
<p><strong>매크라메 & 크로셰</strong>: 수공예 질감의 니트와 크로셰 디테일이 브랜드를 가리지 않고 등장했습니다.</p>
<p>이번 시즌의 공통 키워드는 <em>슬로우 패션</em>과 <em>지속 가능성</em>. 대형 브랜드들도 리사이클 소재 라인을 적극 확장했습니다.</p>', '강하늘', NULL, '1870', 'Y', 'N', 'SYSTEM', '2026-03-15 13:00:00') ON CONFLICT DO NOTHING;
INSERT INTO shopjoy_2604.cm_blog (blog_id, site_id, blog_cate_id, blog_title, blog_summary, blog_content, blog_author, prod_id, view_count, use_yn, is_notice, reg_by, reg_date) VALUES ('BL000008', 'SITE000001', 'BC000003', 'SNS에서 핫한 스트릿 패션 5가지', '인스타그램·피들·틱톡에서 급부상한 스트릿 패션 트렌드 분석.', '<p>SNS는 이제 패션 트렌드의 발원지입니다. 올해 가장 많이 회자된 스트릿 룩을 정리했습니다.</p>
<p>1. <strong>Y2K 감성</strong>: 2000년대 초반 스타일의 귀환. 로우라이즈 진, 버터플라이 클립, 베이비 티가 핵심 아이템.</p>
<p>2. <strong>고프코어(Gorpcore)</strong>: 아웃도어 기능성 아이템을 패션으로 승화. 플리스, 기능성 조끼, 트레킹 슈즈.</p>
<p>3. <strong>바로크 프린트</strong>: 화려한 바로크 패턴을 현대적으로 재해석. 셔츠나 스카프에 포인트 활용.</p>
<p>4. <strong>모노크롬 레이어링</strong>: 같은 색 계열 아이템을 겹쳐 입는 ''토탈 코디''. 베이지 온 베이지, 블랙 온 블랙.</p>
<p>5. <strong>테크웨어</strong>: 기술적 소재와 미래지향적 디자인. 방수 코팅 소재, 유틸리티 포켓이 특징.</p>', '정다운', NULL, '3210', 'Y', 'N', 'SYSTEM', '2026-03-05 15:00:00') ON CONFLICT DO NOTHING;
INSERT INTO shopjoy_2604.cm_blog (blog_id, site_id, blog_cate_id, blog_title, blog_summary, blog_content, blog_author, prod_id, view_count, use_yn, is_notice, reg_by, reg_date) VALUES ('BL000009', 'SITE000001', 'BC000002', '미니멀 라이프를 위한 옷장 정리법', '효율적인 옷장 정리와 캡슐 워드로브 구성. 적은 아이템으로 다양한 코디를.', '<p>미니멀 라이프의 시작은 옷장 정리입니다. 스웨덴의 ''라곰(Lagom)'' 철학처럼 딱 적당한 양이 핵심입니다.</p>
<p><strong>3단계 정리법</strong></p>
<p>1단계: 모든 옷을 침대에 쏟아내기. 내가 가진 양을 눈으로 직접 확인합니다.</p>
<p>2단계: "이 옷을 입을 때 기분이 좋은가?" 질문하기. NO라면 기부 박스에.</p>
<p>3단계: 남은 옷을 컬러별로 정리. 한눈에 보이면 코디 고민 시간이 절반으로 줍니다.</p>
<p>캡슐 워드로브 기본 구성: 톱 7벌, 하의 5벌, 아우터 3벌, 슈즈 3켤레. 이 20피스면 한 달이 넘습니다.</p>', '박지현', NULL, '2890', 'Y', 'N', 'SYSTEM', '2026-04-05 09:30:00') ON CONFLICT DO NOTHING;
INSERT INTO shopjoy_2604.cm_blog (blog_id, site_id, blog_cate_id, blog_title, blog_summary, blog_content, blog_author, prod_id, view_count, use_yn, is_notice, reg_by, reg_date) VALUES ('BL000010', 'SITE000001', 'BC000002', '지속 가능한 패션의 시작', '환경을 생각하는 패션 소비, 어디서부터 시작할 수 있을까요?', '<p>패션 산업은 전 세계 탄소 배출량의 약 10%를 차지합니다. 우리의 소비 습관이 지구에 미치는 영향을 생각해볼 시간입니다.</p>
<p><strong>지속 가능한 패션 실천법</strong></p>
<p>1. <strong>Buy Less, Buy Better</strong>: 저가 아이템 5벌보다 품질 좋은 1벌. 오래 입을 수 있는 아이템에 투자하세요.</p>
<p>2. <strong>소재 확인하기</strong>: 오가닉 코튼, 리사이클 폴리에스터, 텐셀 같은 친환경 소재를 우선합니다.</p>
<p>3. <strong>중고 의류 활용</strong>: 빈티지숍, 중고 플랫폼을 활용하면 유니크한 아이템을 합리적 가격에 구입할 수 있습니다.</p>
<p>4. <strong>옷 수선하기</strong>: 버리기 전에 수선을 먼저 시도. 단추 교체, 기장 수선으로 새 옷처럼 살릴 수 있습니다.</p>
<p>ShopJoy도 이러한 가치에 공감하며 친환경 브랜드 라인업을 확대하고 있습니다.</p>', '최예린', NULL, '1430', 'Y', 'N', 'SYSTEM', '2026-03-28 14:00:00') ON CONFLICT DO NOTHING;
INSERT INTO shopjoy_2604.cm_blog (blog_id, site_id, blog_cate_id, blog_title, blog_summary, blog_content, blog_author, prod_id, view_count, use_yn, is_notice, reg_by, reg_date) VALUES ('BL000011', 'SITE000001', 'BC000002', '패션으로 자존감을 높이는 방법', '내가 입는 옷이 내 기분과 자신감에 미치는 심리학적 영향.', '<p>''Enclothed Cognition(의복된 인지)'' — 입는 옷이 우리의 심리와 행동에 영향을 미친다는 심리학 이론입니다.</p>
<p>실험 결과: 정장을 입은 사람들은 창의적 사고와 추상적 사고 능력이 더 높게 측정되었습니다. 옷이 마음가짐을 만든다는 증거입니다.</p>
<p><strong>자존감을 높이는 스타일링 팁</strong></p>
<p>1. 나에게 잘 맞는 핏 찾기: 완벽한 핏의 옷 하나가 어떤 명품보다 자신감을 줍니다.</p>
<p>2. 내가 좋아하는 컬러 입기: 남들의 시선보다 내 기분이 좋아지는 컬러를 선택하세요.</p>
<p>3. 특별한 날만을 위한 옷 없애기: 매일을 특별하게. 좋은 옷은 지금 입어야 합니다.</p>', '김민지', NULL, '1650', 'Y', 'N', 'SYSTEM', '2026-03-18 10:00:00') ON CONFLICT DO NOTHING;
INSERT INTO shopjoy_2604.cm_blog (blog_id, site_id, blog_cate_id, blog_title, blog_summary, blog_content, blog_author, prod_id, view_count, use_yn, is_notice, reg_by, reg_date) VALUES ('BL000012', 'SITE000001', 'BC000002', '사계절 옷장 관리 완벽 가이드', '계절 전환기마다 현명하게 옷장을 관리하는 실용 가이드.', '<p>옷장 관리를 잘하면 아침 시간이 여유로워집니다. 계절 전환기 옷장 정리 루틴을 공유합니다.</p>
<p><strong>계절 전환 정리 루틴 (연 2회)</strong></p>
<p>STEP 1 - 지난 시즌 돌아보기: 한 번도 못 입은 옷은 과감히 처분. 안 입은 이유가 있습니다.</p>
<p>STEP 2 - 세탁 & 보관: 보관 전 반드시 세탁. 울, 캐시미어는 드라이클리닝 후 방충제와 함께 보관.</p>
<p>STEP 3 - 이번 시즌 필요한 것 파악: 비어있는 아이템을 리스트업하고 합리적인 쇼핑 계획 세우기.</p>
<p>STEP 4 - 수납 최적화: 자주 입는 것은 눈높이에, 비시즌은 최상단이나 바닥. 컬러별 정리면 코디가 빨라집니다.</p>', '이수진', NULL, '980', 'Y', 'N', 'SYSTEM', '2026-03-10 09:00:00') ON CONFLICT DO NOTHING;
INSERT INTO shopjoy_2604.cm_blog (blog_id, site_id, blog_cate_id, blog_title, blog_summary, blog_content, blog_author, prod_id, view_count, use_yn, is_notice, reg_by, reg_date) VALUES ('BL000013', 'SITE000001', 'BC000004', '체형별 스타일링 완벽 가이드', '내 체형에 맞는 스타일링으로 매일 자신 있게. 체형별 추천 아이템.', '<p>어떤 체형도 스타일링 방법을 알면 매력적으로 표현할 수 있습니다.</p>
<p><strong>애플형(상체 발달)</strong>: V넥 상의로 시선 분산, 하이웨이스트 하의로 허리 강조, 와이드 팬츠로 밸런스.</p>
<p><strong>페어형(하체 발달)</strong>: 볼드한 상의로 시선 위로, 다크 컬러 하의, 에이라인 스커트로 힙라인 커버.</p>
<p><strong>직사각형(직선형)</strong>: 허리를 강조하는 벨트 활용, 레이어드로 볼륨감 연출, 크롭 상의 + 하이웨이스트 조합.</p>
<p><strong>모래시계형</strong>: 핏되는 실루엣으로 균형 있는 바디라인 강조. 랩 드레스, 핏 앤 플레어가 최적.</p>
<p>중요한 것은 트렌드보다 나에게 맞는 핏과 실루엣입니다.</p>', '박지현', NULL, '4560', 'Y', 'N', 'SYSTEM', '2026-04-12 10:00:00') ON CONFLICT DO NOTHING;
INSERT INTO shopjoy_2604.cm_blog (blog_id, site_id, blog_cate_id, blog_title, blog_summary, blog_content, blog_author, prod_id, view_count, use_yn, is_notice, reg_by, reg_date) VALUES ('BL000014', 'SITE000001', 'BC000004', '아이템 하나로 3가지 코디 완성', '트렌치코트 하나로 캐주얼·오피스·데이트 룩 완성하는 다재다능 스타일링.', '<p>한 아이템으로 여러 가지 코디를 만드는 것이 진정한 스타일리스트의 능력입니다.</p>
<p><strong>트렌치코트 3가지 활용법</strong></p>
<p>룩 1 - <strong>캐주얼</strong>: 화이트 후드티 + 슬림 진 + 화이트 스니커즈 위에 트렌치코트 오픈. 가볍고 세련된 데일리 룩.</p>
<p>룩 2 - <strong>오피스</strong>: 블랙 터틀넥 + 그레이 슬랙스 + 로퍼 위에 트렌치코트 버튼 잠금. 단정하고 프로페셔널.</p>
<p>룩 3 - <strong>데이트</strong>: 플로럴 미디 드레스 위에 트렌치코트 벨트로 허리 묶기. 로맨틱하고 세련된 분위기.</p>
<p>하나의 아우터로 전혀 다른 분위기를 연출할 수 있습니다. 투자 가치 있는 아이템을 신중하게 선택하세요.</p>', '강하늘', 'PD000005', '2100', 'Y', 'N', 'SYSTEM', '2026-03-22 11:00:00') ON CONFLICT DO NOTHING;
INSERT INTO shopjoy_2604.cm_blog (blog_id, site_id, blog_cate_id, blog_title, blog_summary, blog_content, blog_author, prod_id, view_count, use_yn, is_notice, reg_by, reg_date) VALUES ('BL000015', 'SITE000001', 'BC000004', '색깔 매칭의 황금 법칙', '컬러 휠을 기반으로 한 과학적인 컬러 매칭 방법과 실용 예시.', '<p>컬러 매칭은 감각만이 아니라 이론적 기반이 있습니다. 컬러 휠의 원리를 알면 누구나 세련된 코디를 할 수 있습니다.</p>
<p><strong>컬러 매칭 5원칙</strong></p>
<p>1. <strong>모노크롬</strong>: 같은 색의 다른 명도·채도. 가장 안전하고 세련된 조합. 예: 네이비 + 라이트 블루.</p>
<p>2. <strong>아날로그</strong>: 컬러 휠에서 인접한 색상. 자연스럽고 조화롭습니다. 예: 초록 + 노랑 + 주황.</p>
<p>3. <strong>보색</strong>: 반대편 색상. 강렬한 대비감. 예: 보라 + 노랑, 레드 + 그린.</p>
<p>4. <strong>60-30-10 법칙</strong>: 메인 60% + 서브 30% + 포인트 10%. 가장 균형 잡힌 배분.</p>
<p>5. <strong>뉴트럴 베이스</strong>: 화이트·베이지·그레이·블랙은 어디에도 잘 어울립니다. 이 4가지가 기본.</p>', '정다운', NULL, '1780', 'Y', 'N', 'SYSTEM', '2026-03-12 13:00:00') ON CONFLICT DO NOTHING;
INSERT INTO shopjoy_2604.cm_blog (blog_id, site_id, blog_cate_id, blog_title, blog_summary, blog_content, blog_author, prod_id, view_count, use_yn, is_notice, reg_by, reg_date) VALUES ('BL000016', 'SITE000001', 'BC000005', '패션과 어울리는 봄 메이크업', '봄 패션 트렌드에 맞춘 메이크업 룩. 파스텔 코디에 최적화된 뷰티 팁.', '<p>패션과 메이크업은 서로를 완성합니다. 올봄 트렌드 컬러 파스텔 패션에 어울리는 메이크업을 소개합니다.</p>
<p><strong>파스텔 패션 메이크업</strong></p>
<p>파스텔 컬러 의상을 입을 때는 베이스를 가볍고 자연스럽게 유지하는 것이 핵심입니다. 과한 컨투어링은 파스텔의 부드러운 분위기를 해칩니다.</p>
<p>포인트는 립 하나로. 코랄 핑크나 테라코타 립으로 화사한 봄 분위기를 연출해보세요.</p>
<p>아이 메이크업은 생략하거나 브라운 쉐도우로 자연스럽게. 마스카라 한 번이면 충분합니다.</p>
<p>볼 터치는 사과 부분에 살짝. 핑크나 피치 계열로 건강하고 생기 있는 인상을 만들어줍니다.</p>', '최예린', NULL, '1230', 'Y', 'N', 'SYSTEM', '2026-04-01 10:00:00') ON CONFLICT DO NOTHING;
INSERT INTO shopjoy_2604.cm_blog (blog_id, site_id, blog_cate_id, blog_title, blog_summary, blog_content, blog_author, prod_id, view_count, use_yn, is_notice, reg_by, reg_date) VALUES ('BL000017', 'SITE000001', 'BC000005', '향수 선택 완벽 가이드', '계절별, 상황별 향수 추천. 나만의 시그니처 향기를 찾는 방법.', '<p>향기는 패션의 마지막 레이어입니다. 나만의 시그니처 향수를 찾으면 스타일이 완성됩니다.</p>
<p><strong>봄·여름에 어울리는 계열</strong>: 플로럴(꽃향기), 후레쉬(시트러스), 아쿠아틱(바다향). 가볍고 청량한 향이 계절과 어우러집니다.</p>
<p><strong>향수 시향 팁</strong>: 절대 즉시 판단하지 않기. 탑노트(첫 향기, 10분)→미들노트(30분)→베이스노트(수 시간) 순서로 향이 변합니다. 미들노트가 나를 위한 향기입니다.</p>
<p><strong>향수 사용 팁</strong>: 손목보다 목 뒤, 귀 뒤, 팔꿈치 안쪽이 더 오래 유지됩니다. 체온이 높은 부위에 뿌리는 것이 핵심.</p>', '김민지', NULL, '870', 'Y', 'N', 'SYSTEM', '2026-03-25 09:00:00') ON CONFLICT DO NOTHING;
INSERT INTO shopjoy_2604.cm_blog (blog_id, site_id, blog_cate_id, blog_title, blog_summary, blog_content, blog_author, prod_id, view_count, use_yn, is_notice, reg_by, reg_date) VALUES ('BL000018', 'SITE000001', 'BC000006', '여행 패킹의 기술 — 캐리어 하나로 2주', '스마트한 여행 패킹 노하우. 최소한의 짐으로 최대한의 코디.', '<p>여행의 즐거움을 반감시키는 것 중 하나가 무거운 짐입니다. 스마트한 패킹으로 여행을 가볍게 만드세요.</p>
<p><strong>패킹의 기본 원칙</strong>: ''혹시 필요할지도''는 금물. 필요한 것만, 그것도 최소화.</p>
<p>기본 5일치 의류를 준비하고 여행지 세탁 서비스 활용. 같은 아이템 다르게 코디하는 것이 핵심.</p>
<p><strong>추천 여행 캡슐 워드로브</strong>: 티셔츠 4장(화이트 2, 컬러 2), 바지 2벌(청바지 1, 슬랙스/스커트 1), 아우터 1벌, 드레스 1벌, 슈즈 2켤레(스니커즈 + 샌들).</p>
<p>이 12피스면 2주 여행도 거뜬합니다. 컬러를 통일하면 어떤 조합도 잘 어울립니다.</p>', '이수진', NULL, '2670', 'Y', 'N', 'SYSTEM', '2026-04-06 11:00:00') ON CONFLICT DO NOTHING;
INSERT INTO shopjoy_2604.cm_blog (blog_id, site_id, blog_cate_id, blog_title, blog_summary, blog_content, blog_author, prod_id, view_count, use_yn, is_notice, reg_by, reg_date) VALUES ('BL000019', 'SITE000001', 'BC000006', '도시별 드레스코드 완벽 정리', '파리, 도쿄, 뉴욕, 방콕 등 도시별 패션 문화와 여행 스타일링 팁.', '<p>여행지의 문화에 맞는 스타일링은 현지인에 대한 존중입니다. 도시별 드레스코드를 알아봅니다.</p>
<p><strong>파리</strong>: 과하지 않은 프렌치 시크. 스트라이프 마린 티, 와이드 팬츠, 트렌치코트의 조합. 절대 과하게 차려입지 않습니다.</p>
<p><strong>도쿄</strong>: 레이어드와 믹스매치의 도시. 아방가르드한 실험적 코디가 환영받습니다. 하라주쿠 스타일부터 미니멀 스타일까지 공존.</p>
<p><strong>뉴욕</strong>: 실용성과 세련됨의 균형. 스니커즈 + 드레스 조합이 뉴요커의 기본. 무채색 베이스에 포인트 액세서리.</p>
<p><strong>방콕</strong>: 더위를 고려한 린넨·코튼 소재. 사원 방문 시 어깨와 무릎을 가리는 것이 예의. 밝은 컬러와 플로럴 패턴이 도시 분위기와 어울립니다.</p>', '박지현', NULL, '1540', 'Y', 'N', 'SYSTEM', '2026-03-30 14:00:00') ON CONFLICT DO NOTHING;
INSERT INTO shopjoy_2604.cm_blog (blog_id, site_id, blog_cate_id, blog_title, blog_summary, blog_content, blog_author, prod_id, view_count, use_yn, is_notice, reg_by, reg_date) VALUES ('BL000020', 'SITE000001', 'BC000001', '[공지] ShopJoy 블로그 오픈 안내', 'ShopJoy 공식 블로그가 오픈되었습니다. 패션 트렌드, 스타일링 팁, 이벤트 소식을 전합니다.', '<p>안녕하세요, <strong>ShopJoy</strong>입니다.</p>
<p>오늘 ShopJoy 공식 블로그를 오픈합니다. 앞으로 이 블로그에서 다음과 같은 콘텐츠를 제공할 예정입니다.</p>
<ul>
<li>최신 패션 트렌드 분석</li>
<li>스타일링 팁과 코디 가이드</li>
<li>신상품 소개 및 추천</li>
<li>이벤트 & 프로모션 안내</li>
<li>지속 가능한 패션 이야기</li>
</ul>
<p>구독과 댓글로 많은 응원 부탁드립니다. 여러분과 함께 더 나은 패션 라이프를 만들어가겠습니다.</p>
<p>감사합니다. 🙏</p>', 'ShopJoy', NULL, '5120', 'Y', 'Y', 'SYSTEM', '2026-01-15 09:00:00') ON CONFLICT DO NOTHING;

-- ── 3. cm_blog_file — 블로그 이미지 ──────────────────────────────
INSERT INTO shopjoy_2604.cm_blog_file (blog_img_id, blog_id, img_url, thumb_url, img_alt_text, sort_ord, reg_by, reg_date) VALUES ('BF000001', 'BL000001', 'http://localhost:8008/cdn/prod/img/blog/blog-big.jpg', 'http://localhost:8008/cdn/prod/img/blog/blog-1.jpg', '2026 봄 시즌 패션 완전 정복', '0', 'SYSTEM', '2026-04-10 10:00:00') ON CONFLICT DO NOTHING;
INSERT INTO shopjoy_2604.cm_blog_file (blog_img_id, blog_id, img_url, thumb_url, img_alt_text, sort_ord, reg_by, reg_date) VALUES ('BF000002', 'BL000001', 'http://localhost:8008/cdn/prod/img/blog/sm/blog-sm-1.jpg', 'http://localhost:8008/cdn/prod/img/blog/sm/blog-sm-1.jpg', '2026 봄 시즌 패션 완전 정복 - 썸네일', '1', 'SYSTEM', '2026-04-10 10:00:00') ON CONFLICT DO NOTHING;
INSERT INTO shopjoy_2604.cm_blog_file (blog_img_id, blog_id, img_url, thumb_url, img_alt_text, sort_ord, reg_by, reg_date) VALUES ('BF000003', 'BL000002', 'http://localhost:8008/cdn/prod/img/blog/blog-big-2.jpg', 'http://localhost:8008/cdn/prod/img/blog/blog-2.jpg', '봄 아우터 베스트 5 완벽 비교', '0', 'SYSTEM', '2026-04-07 11:30:00') ON CONFLICT DO NOTHING;
INSERT INTO shopjoy_2604.cm_blog_file (blog_img_id, blog_id, img_url, thumb_url, img_alt_text, sort_ord, reg_by, reg_date) VALUES ('BF000004', 'BL000002', 'http://localhost:8008/cdn/prod/img/blog/sm/blog-sm-2.jpg', 'http://localhost:8008/cdn/prod/img/blog/sm/blog-sm-2.jpg', '봄 아우터 베스트 5 완벽 비교 - 썸네일', '1', 'SYSTEM', '2026-04-07 11:30:00') ON CONFLICT DO NOTHING;
INSERT INTO shopjoy_2604.cm_blog_file (blog_img_id, blog_id, img_url, thumb_url, img_alt_text, sort_ord, reg_by, reg_date) VALUES ('BF000005', 'BL000003', 'http://localhost:8008/cdn/prod/img/blog/blog-big-3.jpg', 'http://localhost:8008/cdn/prod/img/blog/blog-3.jpg', '데님 스타일링 A to Z', '0', 'SYSTEM', '2026-04-03 14:00:00') ON CONFLICT DO NOTHING;
INSERT INTO shopjoy_2604.cm_blog_file (blog_img_id, blog_id, img_url, thumb_url, img_alt_text, sort_ord, reg_by, reg_date) VALUES ('BF000006', 'BL000003', 'http://localhost:8008/cdn/prod/img/blog/sm/blog-sm-3.jpg', 'http://localhost:8008/cdn/prod/img/blog/sm/blog-sm-3.jpg', '데님 스타일링 A to Z - 썸네일', '1', 'SYSTEM', '2026-04-03 14:00:00') ON CONFLICT DO NOTHING;
INSERT INTO shopjoy_2604.cm_blog_file (blog_img_id, blog_id, img_url, thumb_url, img_alt_text, sort_ord, reg_by, reg_date) VALUES ('BF000007', 'BL000004', 'http://localhost:8008/cdn/prod/img/blog/blog-big-4.jpg', 'http://localhost:8008/cdn/prod/img/blog/blog-4.jpg', '미니멀 패션으로 매일 세련되게', '0', 'SYSTEM', '2026-03-28 09:00:00') ON CONFLICT DO NOTHING;
INSERT INTO shopjoy_2604.cm_blog_file (blog_img_id, blog_id, img_url, thumb_url, img_alt_text, sort_ord, reg_by, reg_date) VALUES ('BF000008', 'BL000004', 'http://localhost:8008/cdn/prod/img/blog/sm/blog-sm-1.jpg', 'http://localhost:8008/cdn/prod/img/blog/sm/blog-sm-1.jpg', '미니멀 패션으로 매일 세련되게 - 썸네일', '1', 'SYSTEM', '2026-03-28 09:00:00') ON CONFLICT DO NOTHING;
INSERT INTO shopjoy_2604.cm_blog_file (blog_img_id, blog_id, img_url, thumb_url, img_alt_text, sort_ord, reg_by, reg_date) VALUES ('BF000009', 'BL000005', 'http://localhost:8008/cdn/prod/img/blog/blog-big-5.jpg', 'http://localhost:8008/cdn/prod/img/blog/blog-5.jpg', '직장인 오피스룩 완성 가이드', '0', 'SYSTEM', '2026-03-20 10:00:00') ON CONFLICT DO NOTHING;
INSERT INTO shopjoy_2604.cm_blog_file (blog_img_id, blog_id, img_url, thumb_url, img_alt_text, sort_ord, reg_by, reg_date) VALUES ('BF000010', 'BL000005', 'http://localhost:8008/cdn/prod/img/blog/sm/blog-sm-2.jpg', 'http://localhost:8008/cdn/prod/img/blog/sm/blog-sm-2.jpg', '직장인 오피스룩 완성 가이드 - 썸네일', '1', 'SYSTEM', '2026-03-20 10:00:00') ON CONFLICT DO NOTHING;
INSERT INTO shopjoy_2604.cm_blog_file (blog_img_id, blog_id, img_url, thumb_url, img_alt_text, sort_ord, reg_by, reg_date) VALUES ('BF000011', 'BL000006', 'http://localhost:8008/cdn/prod/img/blog/blog-big-6.jpg', 'http://localhost:8008/cdn/prod/img/blog/blog-6.jpg', '2026 봄 트렌드 컬러 완벽 가이드', '0', 'SYSTEM', '2026-04-08 11:00:00') ON CONFLICT DO NOTHING;
INSERT INTO shopjoy_2604.cm_blog_file (blog_img_id, blog_id, img_url, thumb_url, img_alt_text, sort_ord, reg_by, reg_date) VALUES ('BF000012', 'BL000006', 'http://localhost:8008/cdn/prod/img/blog/sm/blog-sm-3.jpg', 'http://localhost:8008/cdn/prod/img/blog/sm/blog-sm-3.jpg', '2026 봄 트렌드 컬러 완벽 가이드 - 썸네일', '1', 'SYSTEM', '2026-04-08 11:00:00') ON CONFLICT DO NOTHING;
INSERT INTO shopjoy_2604.cm_blog_file (blog_img_id, blog_id, img_url, thumb_url, img_alt_text, sort_ord, reg_by, reg_date) VALUES ('BF000013', 'BL000007', 'http://localhost:8008/cdn/prod/img/blog/blog-big-7.jpg', 'http://localhost:8008/cdn/prod/img/blog/blog-7.jpg', '패션위크 베스트 룩 분석', '0', 'SYSTEM', '2026-03-15 13:00:00') ON CONFLICT DO NOTHING;
INSERT INTO shopjoy_2604.cm_blog_file (blog_img_id, blog_id, img_url, thumb_url, img_alt_text, sort_ord, reg_by, reg_date) VALUES ('BF000014', 'BL000007', 'http://localhost:8008/cdn/prod/img/blog/sm/blog-sm-1.jpg', 'http://localhost:8008/cdn/prod/img/blog/sm/blog-sm-1.jpg', '패션위크 베스트 룩 분석 - 썸네일', '1', 'SYSTEM', '2026-03-15 13:00:00') ON CONFLICT DO NOTHING;
INSERT INTO shopjoy_2604.cm_blog_file (blog_img_id, blog_id, img_url, thumb_url, img_alt_text, sort_ord, reg_by, reg_date) VALUES ('BF000015', 'BL000008', 'http://localhost:8008/cdn/prod/img/blog/blog-big.jpg', 'http://localhost:8008/cdn/prod/img/blog/blog-1.jpg', 'SNS에서 핫한 스트릿 패션 5가지', '0', 'SYSTEM', '2026-03-05 15:00:00') ON CONFLICT DO NOTHING;
INSERT INTO shopjoy_2604.cm_blog_file (blog_img_id, blog_id, img_url, thumb_url, img_alt_text, sort_ord, reg_by, reg_date) VALUES ('BF000016', 'BL000008', 'http://localhost:8008/cdn/prod/img/blog/sm/blog-sm-2.jpg', 'http://localhost:8008/cdn/prod/img/blog/sm/blog-sm-2.jpg', 'SNS에서 핫한 스트릿 패션 5가지 - 썸네일', '1', 'SYSTEM', '2026-03-05 15:00:00') ON CONFLICT DO NOTHING;
INSERT INTO shopjoy_2604.cm_blog_file (blog_img_id, blog_id, img_url, thumb_url, img_alt_text, sort_ord, reg_by, reg_date) VALUES ('BF000017', 'BL000009', 'http://localhost:8008/cdn/prod/img/blog/blog-big-2.jpg', 'http://localhost:8008/cdn/prod/img/blog/blog-2.jpg', '미니멀 라이프를 위한 옷장 정리법', '0', 'SYSTEM', '2026-04-05 09:30:00') ON CONFLICT DO NOTHING;
INSERT INTO shopjoy_2604.cm_blog_file (blog_img_id, blog_id, img_url, thumb_url, img_alt_text, sort_ord, reg_by, reg_date) VALUES ('BF000018', 'BL000009', 'http://localhost:8008/cdn/prod/img/blog/sm/blog-sm-3.jpg', 'http://localhost:8008/cdn/prod/img/blog/sm/blog-sm-3.jpg', '미니멀 라이프를 위한 옷장 정리법 - 썸네일', '1', 'SYSTEM', '2026-04-05 09:30:00') ON CONFLICT DO NOTHING;
INSERT INTO shopjoy_2604.cm_blog_file (blog_img_id, blog_id, img_url, thumb_url, img_alt_text, sort_ord, reg_by, reg_date) VALUES ('BF000019', 'BL000010', 'http://localhost:8008/cdn/prod/img/blog/blog-big-3.jpg', 'http://localhost:8008/cdn/prod/img/blog/blog-3.jpg', '지속 가능한 패션의 시작', '0', 'SYSTEM', '2026-03-28 14:00:00') ON CONFLICT DO NOTHING;
INSERT INTO shopjoy_2604.cm_blog_file (blog_img_id, blog_id, img_url, thumb_url, img_alt_text, sort_ord, reg_by, reg_date) VALUES ('BF000020', 'BL000010', 'http://localhost:8008/cdn/prod/img/blog/sm/blog-sm-1.jpg', 'http://localhost:8008/cdn/prod/img/blog/sm/blog-sm-1.jpg', '지속 가능한 패션의 시작 - 썸네일', '1', 'SYSTEM', '2026-03-28 14:00:00') ON CONFLICT DO NOTHING;
INSERT INTO shopjoy_2604.cm_blog_file (blog_img_id, blog_id, img_url, thumb_url, img_alt_text, sort_ord, reg_by, reg_date) VALUES ('BF000021', 'BL000011', 'http://localhost:8008/cdn/prod/img/blog/blog-big-4.jpg', 'http://localhost:8008/cdn/prod/img/blog/blog-4.jpg', '패션으로 자존감을 높이는 방법', '0', 'SYSTEM', '2026-03-18 10:00:00') ON CONFLICT DO NOTHING;
INSERT INTO shopjoy_2604.cm_blog_file (blog_img_id, blog_id, img_url, thumb_url, img_alt_text, sort_ord, reg_by, reg_date) VALUES ('BF000022', 'BL000011', 'http://localhost:8008/cdn/prod/img/blog/sm/blog-sm-2.jpg', 'http://localhost:8008/cdn/prod/img/blog/sm/blog-sm-2.jpg', '패션으로 자존감을 높이는 방법 - 썸네일', '1', 'SYSTEM', '2026-03-18 10:00:00') ON CONFLICT DO NOTHING;
INSERT INTO shopjoy_2604.cm_blog_file (blog_img_id, blog_id, img_url, thumb_url, img_alt_text, sort_ord, reg_by, reg_date) VALUES ('BF000023', 'BL000012', 'http://localhost:8008/cdn/prod/img/blog/blog-big-5.jpg', 'http://localhost:8008/cdn/prod/img/blog/blog-5.jpg', '사계절 옷장 관리 완벽 가이드', '0', 'SYSTEM', '2026-03-10 09:00:00') ON CONFLICT DO NOTHING;
INSERT INTO shopjoy_2604.cm_blog_file (blog_img_id, blog_id, img_url, thumb_url, img_alt_text, sort_ord, reg_by, reg_date) VALUES ('BF000024', 'BL000012', 'http://localhost:8008/cdn/prod/img/blog/sm/blog-sm-3.jpg', 'http://localhost:8008/cdn/prod/img/blog/sm/blog-sm-3.jpg', '사계절 옷장 관리 완벽 가이드 - 썸네일', '1', 'SYSTEM', '2026-03-10 09:00:00') ON CONFLICT DO NOTHING;
INSERT INTO shopjoy_2604.cm_blog_file (blog_img_id, blog_id, img_url, thumb_url, img_alt_text, sort_ord, reg_by, reg_date) VALUES ('BF000025', 'BL000013', 'http://localhost:8008/cdn/prod/img/blog/blog-big-6.jpg', 'http://localhost:8008/cdn/prod/img/blog/blog-6.jpg', '체형별 스타일링 완벽 가이드', '0', 'SYSTEM', '2026-04-12 10:00:00') ON CONFLICT DO NOTHING;
INSERT INTO shopjoy_2604.cm_blog_file (blog_img_id, blog_id, img_url, thumb_url, img_alt_text, sort_ord, reg_by, reg_date) VALUES ('BF000026', 'BL000013', 'http://localhost:8008/cdn/prod/img/blog/sm/blog-sm-1.jpg', 'http://localhost:8008/cdn/prod/img/blog/sm/blog-sm-1.jpg', '체형별 스타일링 완벽 가이드 - 썸네일', '1', 'SYSTEM', '2026-04-12 10:00:00') ON CONFLICT DO NOTHING;
INSERT INTO shopjoy_2604.cm_blog_file (blog_img_id, blog_id, img_url, thumb_url, img_alt_text, sort_ord, reg_by, reg_date) VALUES ('BF000027', 'BL000014', 'http://localhost:8008/cdn/prod/img/blog/blog-big-7.jpg', 'http://localhost:8008/cdn/prod/img/blog/blog-7.jpg', '아이템 하나로 3가지 코디 완성', '0', 'SYSTEM', '2026-03-22 11:00:00') ON CONFLICT DO NOTHING;
INSERT INTO shopjoy_2604.cm_blog_file (blog_img_id, blog_id, img_url, thumb_url, img_alt_text, sort_ord, reg_by, reg_date) VALUES ('BF000028', 'BL000014', 'http://localhost:8008/cdn/prod/img/blog/sm/blog-sm-2.jpg', 'http://localhost:8008/cdn/prod/img/blog/sm/blog-sm-2.jpg', '아이템 하나로 3가지 코디 완성 - 썸네일', '1', 'SYSTEM', '2026-03-22 11:00:00') ON CONFLICT DO NOTHING;
INSERT INTO shopjoy_2604.cm_blog_file (blog_img_id, blog_id, img_url, thumb_url, img_alt_text, sort_ord, reg_by, reg_date) VALUES ('BF000029', 'BL000015', 'http://localhost:8008/cdn/prod/img/blog/blog-big.jpg', 'http://localhost:8008/cdn/prod/img/blog/blog-1.jpg', '색깔 매칭의 황금 법칙', '0', 'SYSTEM', '2026-03-12 13:00:00') ON CONFLICT DO NOTHING;
INSERT INTO shopjoy_2604.cm_blog_file (blog_img_id, blog_id, img_url, thumb_url, img_alt_text, sort_ord, reg_by, reg_date) VALUES ('BF000030', 'BL000015', 'http://localhost:8008/cdn/prod/img/blog/sm/blog-sm-3.jpg', 'http://localhost:8008/cdn/prod/img/blog/sm/blog-sm-3.jpg', '색깔 매칭의 황금 법칙 - 썸네일', '1', 'SYSTEM', '2026-03-12 13:00:00') ON CONFLICT DO NOTHING;
INSERT INTO shopjoy_2604.cm_blog_file (blog_img_id, blog_id, img_url, thumb_url, img_alt_text, sort_ord, reg_by, reg_date) VALUES ('BF000031', 'BL000016', 'http://localhost:8008/cdn/prod/img/blog/blog-big-2.jpg', 'http://localhost:8008/cdn/prod/img/blog/blog-2.jpg', '패션과 어울리는 봄 메이크업', '0', 'SYSTEM', '2026-04-01 10:00:00') ON CONFLICT DO NOTHING;
INSERT INTO shopjoy_2604.cm_blog_file (blog_img_id, blog_id, img_url, thumb_url, img_alt_text, sort_ord, reg_by, reg_date) VALUES ('BF000032', 'BL000016', 'http://localhost:8008/cdn/prod/img/blog/sm/blog-sm-1.jpg', 'http://localhost:8008/cdn/prod/img/blog/sm/blog-sm-1.jpg', '패션과 어울리는 봄 메이크업 - 썸네일', '1', 'SYSTEM', '2026-04-01 10:00:00') ON CONFLICT DO NOTHING;
INSERT INTO shopjoy_2604.cm_blog_file (blog_img_id, blog_id, img_url, thumb_url, img_alt_text, sort_ord, reg_by, reg_date) VALUES ('BF000033', 'BL000017', 'http://localhost:8008/cdn/prod/img/blog/blog-big-3.jpg', 'http://localhost:8008/cdn/prod/img/blog/blog-3.jpg', '향수 선택 완벽 가이드', '0', 'SYSTEM', '2026-03-25 09:00:00') ON CONFLICT DO NOTHING;
INSERT INTO shopjoy_2604.cm_blog_file (blog_img_id, blog_id, img_url, thumb_url, img_alt_text, sort_ord, reg_by, reg_date) VALUES ('BF000034', 'BL000017', 'http://localhost:8008/cdn/prod/img/blog/sm/blog-sm-2.jpg', 'http://localhost:8008/cdn/prod/img/blog/sm/blog-sm-2.jpg', '향수 선택 완벽 가이드 - 썸네일', '1', 'SYSTEM', '2026-03-25 09:00:00') ON CONFLICT DO NOTHING;
INSERT INTO shopjoy_2604.cm_blog_file (blog_img_id, blog_id, img_url, thumb_url, img_alt_text, sort_ord, reg_by, reg_date) VALUES ('BF000035', 'BL000018', 'http://localhost:8008/cdn/prod/img/blog/blog-big-4.jpg', 'http://localhost:8008/cdn/prod/img/blog/blog-4.jpg', '여행 패킹의 기술 — 캐리어 하나로 2주', '0', 'SYSTEM', '2026-04-06 11:00:00') ON CONFLICT DO NOTHING;
INSERT INTO shopjoy_2604.cm_blog_file (blog_img_id, blog_id, img_url, thumb_url, img_alt_text, sort_ord, reg_by, reg_date) VALUES ('BF000036', 'BL000018', 'http://localhost:8008/cdn/prod/img/blog/sm/blog-sm-3.jpg', 'http://localhost:8008/cdn/prod/img/blog/sm/blog-sm-3.jpg', '여행 패킹의 기술 — 캐리어 하나로 2주 - 썸네일', '1', 'SYSTEM', '2026-04-06 11:00:00') ON CONFLICT DO NOTHING;
INSERT INTO shopjoy_2604.cm_blog_file (blog_img_id, blog_id, img_url, thumb_url, img_alt_text, sort_ord, reg_by, reg_date) VALUES ('BF000037', 'BL000019', 'http://localhost:8008/cdn/prod/img/blog/blog-big-5.jpg', 'http://localhost:8008/cdn/prod/img/blog/blog-5.jpg', '도시별 드레스코드 완벽 정리', '0', 'SYSTEM', '2026-03-30 14:00:00') ON CONFLICT DO NOTHING;
INSERT INTO shopjoy_2604.cm_blog_file (blog_img_id, blog_id, img_url, thumb_url, img_alt_text, sort_ord, reg_by, reg_date) VALUES ('BF000038', 'BL000019', 'http://localhost:8008/cdn/prod/img/blog/sm/blog-sm-1.jpg', 'http://localhost:8008/cdn/prod/img/blog/sm/blog-sm-1.jpg', '도시별 드레스코드 완벽 정리 - 썸네일', '1', 'SYSTEM', '2026-03-30 14:00:00') ON CONFLICT DO NOTHING;
INSERT INTO shopjoy_2604.cm_blog_file (blog_img_id, blog_id, img_url, thumb_url, img_alt_text, sort_ord, reg_by, reg_date) VALUES ('BF000039', 'BL000020', 'http://localhost:8008/cdn/prod/img/blog/blog-big-6.jpg', 'http://localhost:8008/cdn/prod/img/blog/blog-6.jpg', '[공지] ShopJoy 블로그 오픈 안내', '0', 'SYSTEM', '2026-01-15 09:00:00') ON CONFLICT DO NOTHING;
INSERT INTO shopjoy_2604.cm_blog_file (blog_img_id, blog_id, img_url, thumb_url, img_alt_text, sort_ord, reg_by, reg_date) VALUES ('BF000040', 'BL000020', 'http://localhost:8008/cdn/prod/img/blog/sm/blog-sm-2.jpg', 'http://localhost:8008/cdn/prod/img/blog/sm/blog-sm-2.jpg', '[공지] ShopJoy 블로그 오픈 안내 - 썸네일', '1', 'SYSTEM', '2026-01-15 09:00:00') ON CONFLICT DO NOTHING;

-- ── 4. cm_blog_tag — 블로그 태그 ────────────────────────────────
INSERT INTO shopjoy_2604.cm_blog_tag (blog_tag_id, site_id, blog_id, tag_nm, sort_ord, reg_by, reg_date) VALUES ('BT000001', 'SITE000001', 'BL000001', '봄패션', '0', 'SYSTEM', '2026-04-10 10:00:00') ON CONFLICT DO NOTHING;
INSERT INTO shopjoy_2604.cm_blog_tag (blog_tag_id, site_id, blog_id, tag_nm, sort_ord, reg_by, reg_date) VALUES ('BT000002', 'SITE000001', 'BL000001', '트렌드', '1', 'SYSTEM', '2026-04-10 10:00:00') ON CONFLICT DO NOTHING;
INSERT INTO shopjoy_2604.cm_blog_tag (blog_tag_id, site_id, blog_id, tag_nm, sort_ord, reg_by, reg_date) VALUES ('BT000003', 'SITE000001', 'BL000001', '2026SS', '2', 'SYSTEM', '2026-04-10 10:00:00') ON CONFLICT DO NOTHING;
INSERT INTO shopjoy_2604.cm_blog_tag (blog_tag_id, site_id, blog_id, tag_nm, sort_ord, reg_by, reg_date) VALUES ('BT000004', 'SITE000001', 'BL000001', '파스텔', '3', 'SYSTEM', '2026-04-10 10:00:00') ON CONFLICT DO NOTHING;
INSERT INTO shopjoy_2604.cm_blog_tag (blog_tag_id, site_id, blog_id, tag_nm, sort_ord, reg_by, reg_date) VALUES ('BT000005', 'SITE000001', 'BL000001', '신상품', '4', 'SYSTEM', '2026-04-10 10:00:00') ON CONFLICT DO NOTHING;
INSERT INTO shopjoy_2604.cm_blog_tag (blog_tag_id, site_id, blog_id, tag_nm, sort_ord, reg_by, reg_date) VALUES ('BT000006', 'SITE000001', 'BL000002', '아우터', '0', 'SYSTEM', '2026-04-07 11:30:00') ON CONFLICT DO NOTHING;
INSERT INTO shopjoy_2604.cm_blog_tag (blog_tag_id, site_id, blog_id, tag_nm, sort_ord, reg_by, reg_date) VALUES ('BT000007', 'SITE000001', 'BL000002', '트렌치코트', '1', 'SYSTEM', '2026-04-07 11:30:00') ON CONFLICT DO NOTHING;
INSERT INTO shopjoy_2604.cm_blog_tag (blog_tag_id, site_id, blog_id, tag_nm, sort_ord, reg_by, reg_date) VALUES ('BT000008', 'SITE000001', 'BL000002', '봄패션', '2', 'SYSTEM', '2026-04-07 11:30:00') ON CONFLICT DO NOTHING;
INSERT INTO shopjoy_2604.cm_blog_tag (blog_tag_id, site_id, blog_id, tag_nm, sort_ord, reg_by, reg_date) VALUES ('BT000009', 'SITE000001', 'BL000002', '추천', '3', 'SYSTEM', '2026-04-07 11:30:00') ON CONFLICT DO NOTHING;
INSERT INTO shopjoy_2604.cm_blog_tag (blog_tag_id, site_id, blog_id, tag_nm, sort_ord, reg_by, reg_date) VALUES ('BT000010', 'SITE000001', 'BL000002', '비교', '4', 'SYSTEM', '2026-04-07 11:30:00') ON CONFLICT DO NOTHING;
INSERT INTO shopjoy_2604.cm_blog_tag (blog_tag_id, site_id, blog_id, tag_nm, sort_ord, reg_by, reg_date) VALUES ('BT000011', 'SITE000001', 'BL000003', '데님', '0', 'SYSTEM', '2026-04-03 14:00:00') ON CONFLICT DO NOTHING;
INSERT INTO shopjoy_2604.cm_blog_tag (blog_tag_id, site_id, blog_id, tag_nm, sort_ord, reg_by, reg_date) VALUES ('BT000012', 'SITE000001', 'BL000003', '스타일링', '1', 'SYSTEM', '2026-04-03 14:00:00') ON CONFLICT DO NOTHING;
INSERT INTO shopjoy_2604.cm_blog_tag (blog_tag_id, site_id, blog_id, tag_nm, sort_ord, reg_by, reg_date) VALUES ('BT000013', 'SITE000001', 'BL000003', '청바지', '2', 'SYSTEM', '2026-04-03 14:00:00') ON CONFLICT DO NOTHING;
INSERT INTO shopjoy_2604.cm_blog_tag (blog_tag_id, site_id, blog_id, tag_nm, sort_ord, reg_by, reg_date) VALUES ('BT000014', 'SITE000001', 'BL000003', '캐주얼', '3', 'SYSTEM', '2026-04-03 14:00:00') ON CONFLICT DO NOTHING;
INSERT INTO shopjoy_2604.cm_blog_tag (blog_tag_id, site_id, blog_id, tag_nm, sort_ord, reg_by, reg_date) VALUES ('BT000015', 'SITE000001', 'BL000003', '케어', '4', 'SYSTEM', '2026-04-03 14:00:00') ON CONFLICT DO NOTHING;
INSERT INTO shopjoy_2604.cm_blog_tag (blog_tag_id, site_id, blog_id, tag_nm, sort_ord, reg_by, reg_date) VALUES ('BT000016', 'SITE000001', 'BL000004', '미니멀', '0', 'SYSTEM', '2026-03-28 09:00:00') ON CONFLICT DO NOTHING;
INSERT INTO shopjoy_2604.cm_blog_tag (blog_tag_id, site_id, blog_id, tag_nm, sort_ord, reg_by, reg_date) VALUES ('BT000017', 'SITE000001', 'BL000004', '기본아이템', '1', 'SYSTEM', '2026-03-28 09:00:00') ON CONFLICT DO NOTHING;
INSERT INTO shopjoy_2604.cm_blog_tag (blog_tag_id, site_id, blog_id, tag_nm, sort_ord, reg_by, reg_date) VALUES ('BT000018', 'SITE000001', 'BL000004', '캡슐워드로브', '2', 'SYSTEM', '2026-03-28 09:00:00') ON CONFLICT DO NOTHING;
INSERT INTO shopjoy_2604.cm_blog_tag (blog_tag_id, site_id, blog_id, tag_nm, sort_ord, reg_by, reg_date) VALUES ('BT000019', 'SITE000001', 'BL000004', '코디', '3', 'SYSTEM', '2026-03-28 09:00:00') ON CONFLICT DO NOTHING;
INSERT INTO shopjoy_2604.cm_blog_tag (blog_tag_id, site_id, blog_id, tag_nm, sort_ord, reg_by, reg_date) VALUES ('BT000020', 'SITE000001', 'BL000004', '패션철학', '4', 'SYSTEM', '2026-03-28 09:00:00') ON CONFLICT DO NOTHING;
INSERT INTO shopjoy_2604.cm_blog_tag (blog_tag_id, site_id, blog_id, tag_nm, sort_ord, reg_by, reg_date) VALUES ('BT000021', 'SITE000001', 'BL000005', '오피스룩', '0', 'SYSTEM', '2026-03-20 10:00:00') ON CONFLICT DO NOTHING;
INSERT INTO shopjoy_2604.cm_blog_tag (blog_tag_id, site_id, blog_id, tag_nm, sort_ord, reg_by, reg_date) VALUES ('BT000022', 'SITE000001', 'BL000005', '직장인패션', '1', 'SYSTEM', '2026-03-20 10:00:00') ON CONFLICT DO NOTHING;
INSERT INTO shopjoy_2604.cm_blog_tag (blog_tag_id, site_id, blog_id, tag_nm, sort_ord, reg_by, reg_date) VALUES ('BT000023', 'SITE000001', 'BL000005', '비즈니스캐주얼', '2', 'SYSTEM', '2026-03-20 10:00:00') ON CONFLICT DO NOTHING;
INSERT INTO shopjoy_2604.cm_blog_tag (blog_tag_id, site_id, blog_id, tag_nm, sort_ord, reg_by, reg_date) VALUES ('BT000024', 'SITE000001', 'BL000005', '스마트캐주얼', '3', 'SYSTEM', '2026-03-20 10:00:00') ON CONFLICT DO NOTHING;
INSERT INTO shopjoy_2604.cm_blog_tag (blog_tag_id, site_id, blog_id, tag_nm, sort_ord, reg_by, reg_date) VALUES ('BT000025', 'SITE000001', 'BL000006', '트렌드', '0', 'SYSTEM', '2026-04-08 11:00:00') ON CONFLICT DO NOTHING;
INSERT INTO shopjoy_2604.cm_blog_tag (blog_tag_id, site_id, blog_id, tag_nm, sort_ord, reg_by, reg_date) VALUES ('BT000026', 'SITE000001', 'BL000006', '컬러', '1', 'SYSTEM', '2026-04-08 11:00:00') ON CONFLICT DO NOTHING;
INSERT INTO shopjoy_2604.cm_blog_tag (blog_tag_id, site_id, blog_id, tag_nm, sort_ord, reg_by, reg_date) VALUES ('BT000027', 'SITE000001', 'BL000006', '2026SS', '2', 'SYSTEM', '2026-04-08 11:00:00') ON CONFLICT DO NOTHING;
INSERT INTO shopjoy_2604.cm_blog_tag (blog_tag_id, site_id, blog_id, tag_nm, sort_ord, reg_by, reg_date) VALUES ('BT000028', 'SITE000001', 'BL000006', '라벤더', '3', 'SYSTEM', '2026-04-08 11:00:00') ON CONFLICT DO NOTHING;
INSERT INTO shopjoy_2604.cm_blog_tag (blog_tag_id, site_id, blog_id, tag_nm, sort_ord, reg_by, reg_date) VALUES ('BT000029', 'SITE000001', 'BL000006', '파스텔', '4', 'SYSTEM', '2026-04-08 11:00:00') ON CONFLICT DO NOTHING;
INSERT INTO shopjoy_2604.cm_blog_tag (blog_tag_id, site_id, blog_id, tag_nm, sort_ord, reg_by, reg_date) VALUES ('BT000030', 'SITE000001', 'BL000007', '패션위크', '0', 'SYSTEM', '2026-03-15 13:00:00') ON CONFLICT DO NOTHING;
INSERT INTO shopjoy_2604.cm_blog_tag (blog_tag_id, site_id, blog_id, tag_nm, sort_ord, reg_by, reg_date) VALUES ('BT000031', 'SITE000001', 'BL000007', '파리', '1', 'SYSTEM', '2026-03-15 13:00:00') ON CONFLICT DO NOTHING;
INSERT INTO shopjoy_2604.cm_blog_tag (blog_tag_id, site_id, blog_id, tag_nm, sort_ord, reg_by, reg_date) VALUES ('BT000032', 'SITE000001', 'BL000007', '밀라노', '2', 'SYSTEM', '2026-03-15 13:00:00') ON CONFLICT DO NOTHING;
INSERT INTO shopjoy_2604.cm_blog_tag (blog_tag_id, site_id, blog_id, tag_nm, sort_ord, reg_by, reg_date) VALUES ('BT000033', 'SITE000001', 'BL000007', '런웨이', '3', 'SYSTEM', '2026-03-15 13:00:00') ON CONFLICT DO NOTHING;
INSERT INTO shopjoy_2604.cm_blog_tag (blog_tag_id, site_id, blog_id, tag_nm, sort_ord, reg_by, reg_date) VALUES ('BT000034', 'SITE000001', 'BL000007', '트렌드분석', '4', 'SYSTEM', '2026-03-15 13:00:00') ON CONFLICT DO NOTHING;
INSERT INTO shopjoy_2604.cm_blog_tag (blog_tag_id, site_id, blog_id, tag_nm, sort_ord, reg_by, reg_date) VALUES ('BT000035', 'SITE000001', 'BL000008', '스트릿패션', '0', 'SYSTEM', '2026-03-05 15:00:00') ON CONFLICT DO NOTHING;
INSERT INTO shopjoy_2604.cm_blog_tag (blog_tag_id, site_id, blog_id, tag_nm, sort_ord, reg_by, reg_date) VALUES ('BT000036', 'SITE000001', 'BL000008', 'SNS트렌드', '1', 'SYSTEM', '2026-03-05 15:00:00') ON CONFLICT DO NOTHING;
INSERT INTO shopjoy_2604.cm_blog_tag (blog_tag_id, site_id, blog_id, tag_nm, sort_ord, reg_by, reg_date) VALUES ('BT000037', 'SITE000001', 'BL000008', 'Y2K', '2', 'SYSTEM', '2026-03-05 15:00:00') ON CONFLICT DO NOTHING;
INSERT INTO shopjoy_2604.cm_blog_tag (blog_tag_id, site_id, blog_id, tag_nm, sort_ord, reg_by, reg_date) VALUES ('BT000038', 'SITE000001', 'BL000008', '고프코어', '3', 'SYSTEM', '2026-03-05 15:00:00') ON CONFLICT DO NOTHING;
INSERT INTO shopjoy_2604.cm_blog_tag (blog_tag_id, site_id, blog_id, tag_nm, sort_ord, reg_by, reg_date) VALUES ('BT000039', 'SITE000001', 'BL000008', '인스타', '4', 'SYSTEM', '2026-03-05 15:00:00') ON CONFLICT DO NOTHING;
INSERT INTO shopjoy_2604.cm_blog_tag (blog_tag_id, site_id, blog_id, tag_nm, sort_ord, reg_by, reg_date) VALUES ('BT000040', 'SITE000001', 'BL000009', '미니멀', '0', 'SYSTEM', '2026-04-05 09:30:00') ON CONFLICT DO NOTHING;
INSERT INTO shopjoy_2604.cm_blog_tag (blog_tag_id, site_id, blog_id, tag_nm, sort_ord, reg_by, reg_date) VALUES ('BT000041', 'SITE000001', 'BL000009', '옷장정리', '1', 'SYSTEM', '2026-04-05 09:30:00') ON CONFLICT DO NOTHING;
INSERT INTO shopjoy_2604.cm_blog_tag (blog_tag_id, site_id, blog_id, tag_nm, sort_ord, reg_by, reg_date) VALUES ('BT000042', 'SITE000001', 'BL000009', '캡슐워드로브', '2', 'SYSTEM', '2026-04-05 09:30:00') ON CONFLICT DO NOTHING;
INSERT INTO shopjoy_2604.cm_blog_tag (blog_tag_id, site_id, blog_id, tag_nm, sort_ord, reg_by, reg_date) VALUES ('BT000043', 'SITE000001', 'BL000009', '라이프스타일', '3', 'SYSTEM', '2026-04-05 09:30:00') ON CONFLICT DO NOTHING;
INSERT INTO shopjoy_2604.cm_blog_tag (blog_tag_id, site_id, blog_id, tag_nm, sort_ord, reg_by, reg_date) VALUES ('BT000044', 'SITE000001', 'BL000009', '정리', '4', 'SYSTEM', '2026-04-05 09:30:00') ON CONFLICT DO NOTHING;
INSERT INTO shopjoy_2604.cm_blog_tag (blog_tag_id, site_id, blog_id, tag_nm, sort_ord, reg_by, reg_date) VALUES ('BT000045', 'SITE000001', 'BL000010', '지속가능', '0', 'SYSTEM', '2026-03-28 14:00:00') ON CONFLICT DO NOTHING;
INSERT INTO shopjoy_2604.cm_blog_tag (blog_tag_id, site_id, blog_id, tag_nm, sort_ord, reg_by, reg_date) VALUES ('BT000046', 'SITE000001', 'BL000010', '친환경', '1', 'SYSTEM', '2026-03-28 14:00:00') ON CONFLICT DO NOTHING;
INSERT INTO shopjoy_2604.cm_blog_tag (blog_tag_id, site_id, blog_id, tag_nm, sort_ord, reg_by, reg_date) VALUES ('BT000047', 'SITE000001', 'BL000010', '윤리패션', '2', 'SYSTEM', '2026-03-28 14:00:00') ON CONFLICT DO NOTHING;
INSERT INTO shopjoy_2604.cm_blog_tag (blog_tag_id, site_id, blog_id, tag_nm, sort_ord, reg_by, reg_date) VALUES ('BT000048', 'SITE000001', 'BL000010', '에코패션', '3', 'SYSTEM', '2026-03-28 14:00:00') ON CONFLICT DO NOTHING;
INSERT INTO shopjoy_2604.cm_blog_tag (blog_tag_id, site_id, blog_id, tag_nm, sort_ord, reg_by, reg_date) VALUES ('BT000049', 'SITE000001', 'BL000010', '슬로우패션', '4', 'SYSTEM', '2026-03-28 14:00:00') ON CONFLICT DO NOTHING;
INSERT INTO shopjoy_2604.cm_blog_tag (blog_tag_id, site_id, blog_id, tag_nm, sort_ord, reg_by, reg_date) VALUES ('BT000050', 'SITE000001', 'BL000011', '패션심리학', '0', 'SYSTEM', '2026-03-18 10:00:00') ON CONFLICT DO NOTHING;
INSERT INTO shopjoy_2604.cm_blog_tag (blog_tag_id, site_id, blog_id, tag_nm, sort_ord, reg_by, reg_date) VALUES ('BT000051', 'SITE000001', 'BL000011', '자존감', '1', 'SYSTEM', '2026-03-18 10:00:00') ON CONFLICT DO NOTHING;
INSERT INTO shopjoy_2604.cm_blog_tag (blog_tag_id, site_id, blog_id, tag_nm, sort_ord, reg_by, reg_date) VALUES ('BT000052', 'SITE000001', 'BL000011', '스타일', '2', 'SYSTEM', '2026-03-18 10:00:00') ON CONFLICT DO NOTHING;
INSERT INTO shopjoy_2604.cm_blog_tag (blog_tag_id, site_id, blog_id, tag_nm, sort_ord, reg_by, reg_date) VALUES ('BT000053', 'SITE000001', 'BL000011', '마인드셋', '3', 'SYSTEM', '2026-03-18 10:00:00') ON CONFLICT DO NOTHING;
INSERT INTO shopjoy_2604.cm_blog_tag (blog_tag_id, site_id, blog_id, tag_nm, sort_ord, reg_by, reg_date) VALUES ('BT000054', 'SITE000001', 'BL000011', '자기표현', '4', 'SYSTEM', '2026-03-18 10:00:00') ON CONFLICT DO NOTHING;
INSERT INTO shopjoy_2604.cm_blog_tag (blog_tag_id, site_id, blog_id, tag_nm, sort_ord, reg_by, reg_date) VALUES ('BT000055', 'SITE000001', 'BL000012', '옷장관리', '0', 'SYSTEM', '2026-03-10 09:00:00') ON CONFLICT DO NOTHING;
INSERT INTO shopjoy_2604.cm_blog_tag (blog_tag_id, site_id, blog_id, tag_nm, sort_ord, reg_by, reg_date) VALUES ('BT000056', 'SITE000001', 'BL000012', '수납', '1', 'SYSTEM', '2026-03-10 09:00:00') ON CONFLICT DO NOTHING;
INSERT INTO shopjoy_2604.cm_blog_tag (blog_tag_id, site_id, blog_id, tag_nm, sort_ord, reg_by, reg_date) VALUES ('BT000057', 'SITE000001', 'BL000012', '계절정리', '2', 'SYSTEM', '2026-03-10 09:00:00') ON CONFLICT DO NOTHING;
INSERT INTO shopjoy_2604.cm_blog_tag (blog_tag_id, site_id, blog_id, tag_nm, sort_ord, reg_by, reg_date) VALUES ('BT000058', 'SITE000001', 'BL000012', '생활꿀팁', '3', 'SYSTEM', '2026-03-10 09:00:00') ON CONFLICT DO NOTHING;
INSERT INTO shopjoy_2604.cm_blog_tag (blog_tag_id, site_id, blog_id, tag_nm, sort_ord, reg_by, reg_date) VALUES ('BT000059', 'SITE000001', 'BL000012', '홈스타일링', '4', 'SYSTEM', '2026-03-10 09:00:00') ON CONFLICT DO NOTHING;
INSERT INTO shopjoy_2604.cm_blog_tag (blog_tag_id, site_id, blog_id, tag_nm, sort_ord, reg_by, reg_date) VALUES ('BT000060', 'SITE000001', 'BL000013', '체형별스타일링', '0', 'SYSTEM', '2026-04-12 10:00:00') ON CONFLICT DO NOTHING;
INSERT INTO shopjoy_2604.cm_blog_tag (blog_tag_id, site_id, blog_id, tag_nm, sort_ord, reg_by, reg_date) VALUES ('BT000061', 'SITE000001', 'BL000013', '스타일팁', '1', 'SYSTEM', '2026-04-12 10:00:00') ON CONFLICT DO NOTHING;
INSERT INTO shopjoy_2604.cm_blog_tag (blog_tag_id, site_id, blog_id, tag_nm, sort_ord, reg_by, reg_date) VALUES ('BT000062', 'SITE000001', 'BL000013', '코디법', '2', 'SYSTEM', '2026-04-12 10:00:00') ON CONFLICT DO NOTHING;
INSERT INTO shopjoy_2604.cm_blog_tag (blog_tag_id, site_id, blog_id, tag_nm, sort_ord, reg_by, reg_date) VALUES ('BT000063', 'SITE000001', 'BL000013', '패션꿀팁', '3', 'SYSTEM', '2026-04-12 10:00:00') ON CONFLICT DO NOTHING;
INSERT INTO shopjoy_2604.cm_blog_tag (blog_tag_id, site_id, blog_id, tag_nm, sort_ord, reg_by, reg_date) VALUES ('BT000064', 'SITE000001', 'BL000014', '코디법', '0', 'SYSTEM', '2026-03-22 11:00:00') ON CONFLICT DO NOTHING;
INSERT INTO shopjoy_2604.cm_blog_tag (blog_tag_id, site_id, blog_id, tag_nm, sort_ord, reg_by, reg_date) VALUES ('BT000065', 'SITE000001', 'BL000014', '트렌치코트', '1', 'SYSTEM', '2026-03-22 11:00:00') ON CONFLICT DO NOTHING;
INSERT INTO shopjoy_2604.cm_blog_tag (blog_tag_id, site_id, blog_id, tag_nm, sort_ord, reg_by, reg_date) VALUES ('BT000066', 'SITE000001', 'BL000014', '원아이템3코디', '2', 'SYSTEM', '2026-03-22 11:00:00') ON CONFLICT DO NOTHING;
INSERT INTO shopjoy_2604.cm_blog_tag (blog_tag_id, site_id, blog_id, tag_nm, sort_ord, reg_by, reg_date) VALUES ('BT000067', 'SITE000001', 'BL000014', '스타일팁', '3', 'SYSTEM', '2026-03-22 11:00:00') ON CONFLICT DO NOTHING;
INSERT INTO shopjoy_2604.cm_blog_tag (blog_tag_id, site_id, blog_id, tag_nm, sort_ord, reg_by, reg_date) VALUES ('BT000068', 'SITE000001', 'BL000014', '데일리룩', '4', 'SYSTEM', '2026-03-22 11:00:00') ON CONFLICT DO NOTHING;
INSERT INTO shopjoy_2604.cm_blog_tag (blog_tag_id, site_id, blog_id, tag_nm, sort_ord, reg_by, reg_date) VALUES ('BT000069', 'SITE000001', 'BL000015', '컬러매칭', '0', 'SYSTEM', '2026-03-12 13:00:00') ON CONFLICT DO NOTHING;
INSERT INTO shopjoy_2604.cm_blog_tag (blog_tag_id, site_id, blog_id, tag_nm, sort_ord, reg_by, reg_date) VALUES ('BT000070', 'SITE000001', 'BL000015', '색깔조합', '1', 'SYSTEM', '2026-03-12 13:00:00') ON CONFLICT DO NOTHING;
INSERT INTO shopjoy_2604.cm_blog_tag (blog_tag_id, site_id, blog_id, tag_nm, sort_ord, reg_by, reg_date) VALUES ('BT000071', 'SITE000001', 'BL000015', '스타일팁', '2', 'SYSTEM', '2026-03-12 13:00:00') ON CONFLICT DO NOTHING;
INSERT INTO shopjoy_2604.cm_blog_tag (blog_tag_id, site_id, blog_id, tag_nm, sort_ord, reg_by, reg_date) VALUES ('BT000072', 'SITE000001', 'BL000015', '코디', '3', 'SYSTEM', '2026-03-12 13:00:00') ON CONFLICT DO NOTHING;
INSERT INTO shopjoy_2604.cm_blog_tag (blog_tag_id, site_id, blog_id, tag_nm, sort_ord, reg_by, reg_date) VALUES ('BT000073', 'SITE000001', 'BL000015', '패션이론', '4', 'SYSTEM', '2026-03-12 13:00:00') ON CONFLICT DO NOTHING;
INSERT INTO shopjoy_2604.cm_blog_tag (blog_tag_id, site_id, blog_id, tag_nm, sort_ord, reg_by, reg_date) VALUES ('BT000074', 'SITE000001', 'BL000016', '뷰티', '0', 'SYSTEM', '2026-04-01 10:00:00') ON CONFLICT DO NOTHING;
INSERT INTO shopjoy_2604.cm_blog_tag (blog_tag_id, site_id, blog_id, tag_nm, sort_ord, reg_by, reg_date) VALUES ('BT000075', 'SITE000001', 'BL000016', '메이크업', '1', 'SYSTEM', '2026-04-01 10:00:00') ON CONFLICT DO NOTHING;
INSERT INTO shopjoy_2604.cm_blog_tag (blog_tag_id, site_id, blog_id, tag_nm, sort_ord, reg_by, reg_date) VALUES ('BT000076', 'SITE000001', 'BL000016', '봄메이크업', '2', 'SYSTEM', '2026-04-01 10:00:00') ON CONFLICT DO NOTHING;
INSERT INTO shopjoy_2604.cm_blog_tag (blog_tag_id, site_id, blog_id, tag_nm, sort_ord, reg_by, reg_date) VALUES ('BT000077', 'SITE000001', 'BL000016', '파스텔', '3', 'SYSTEM', '2026-04-01 10:00:00') ON CONFLICT DO NOTHING;
INSERT INTO shopjoy_2604.cm_blog_tag (blog_tag_id, site_id, blog_id, tag_nm, sort_ord, reg_by, reg_date) VALUES ('BT000078', 'SITE000001', 'BL000016', '화장법', '4', 'SYSTEM', '2026-04-01 10:00:00') ON CONFLICT DO NOTHING;
INSERT INTO shopjoy_2604.cm_blog_tag (blog_tag_id, site_id, blog_id, tag_nm, sort_ord, reg_by, reg_date) VALUES ('BT000079', 'SITE000001', 'BL000017', '향수', '0', 'SYSTEM', '2026-03-25 09:00:00') ON CONFLICT DO NOTHING;
INSERT INTO shopjoy_2604.cm_blog_tag (blog_tag_id, site_id, blog_id, tag_nm, sort_ord, reg_by, reg_date) VALUES ('BT000080', 'SITE000001', 'BL000017', '뷰티', '1', 'SYSTEM', '2026-03-25 09:00:00') ON CONFLICT DO NOTHING;
INSERT INTO shopjoy_2604.cm_blog_tag (blog_tag_id, site_id, blog_id, tag_nm, sort_ord, reg_by, reg_date) VALUES ('BT000081', 'SITE000001', 'BL000017', '시그니처향기', '2', 'SYSTEM', '2026-03-25 09:00:00') ON CONFLICT DO NOTHING;
INSERT INTO shopjoy_2604.cm_blog_tag (blog_tag_id, site_id, blog_id, tag_nm, sort_ord, reg_by, reg_date) VALUES ('BT000082', 'SITE000001', 'BL000017', '봄향수', '3', 'SYSTEM', '2026-03-25 09:00:00') ON CONFLICT DO NOTHING;
INSERT INTO shopjoy_2604.cm_blog_tag (blog_tag_id, site_id, blog_id, tag_nm, sort_ord, reg_by, reg_date) VALUES ('BT000083', 'SITE000001', 'BL000017', '퍼퓸', '4', 'SYSTEM', '2026-03-25 09:00:00') ON CONFLICT DO NOTHING;
INSERT INTO shopjoy_2604.cm_blog_tag (blog_tag_id, site_id, blog_id, tag_nm, sort_ord, reg_by, reg_date) VALUES ('BT000084', 'SITE000001', 'BL000018', '여행패킹', '0', 'SYSTEM', '2026-04-06 11:00:00') ON CONFLICT DO NOTHING;
INSERT INTO shopjoy_2604.cm_blog_tag (blog_tag_id, site_id, blog_id, tag_nm, sort_ord, reg_by, reg_date) VALUES ('BT000085', 'SITE000001', 'BL000018', '여행패션', '1', 'SYSTEM', '2026-04-06 11:00:00') ON CONFLICT DO NOTHING;
INSERT INTO shopjoy_2604.cm_blog_tag (blog_tag_id, site_id, blog_id, tag_nm, sort_ord, reg_by, reg_date) VALUES ('BT000086', 'SITE000001', 'BL000018', '패킹노하우', '2', 'SYSTEM', '2026-04-06 11:00:00') ON CONFLICT DO NOTHING;
INSERT INTO shopjoy_2604.cm_blog_tag (blog_tag_id, site_id, blog_id, tag_nm, sort_ord, reg_by, reg_date) VALUES ('BT000087', 'SITE000001', 'BL000018', '미니멀여행', '3', 'SYSTEM', '2026-04-06 11:00:00') ON CONFLICT DO NOTHING;
INSERT INTO shopjoy_2604.cm_blog_tag (blog_tag_id, site_id, blog_id, tag_nm, sort_ord, reg_by, reg_date) VALUES ('BT000088', 'SITE000001', 'BL000018', '캐리어', '4', 'SYSTEM', '2026-04-06 11:00:00') ON CONFLICT DO NOTHING;
INSERT INTO shopjoy_2604.cm_blog_tag (blog_tag_id, site_id, blog_id, tag_nm, sort_ord, reg_by, reg_date) VALUES ('BT000089', 'SITE000001', 'BL000019', '여행패션', '0', 'SYSTEM', '2026-03-30 14:00:00') ON CONFLICT DO NOTHING;
INSERT INTO shopjoy_2604.cm_blog_tag (blog_tag_id, site_id, blog_id, tag_nm, sort_ord, reg_by, reg_date) VALUES ('BT000090', 'SITE000001', 'BL000019', '도시별드레스코드', '1', 'SYSTEM', '2026-03-30 14:00:00') ON CONFLICT DO NOTHING;
INSERT INTO shopjoy_2604.cm_blog_tag (blog_tag_id, site_id, blog_id, tag_nm, sort_ord, reg_by, reg_date) VALUES ('BT000091', 'SITE000001', 'BL000019', '파리', '2', 'SYSTEM', '2026-03-30 14:00:00') ON CONFLICT DO NOTHING;
INSERT INTO shopjoy_2604.cm_blog_tag (blog_tag_id, site_id, blog_id, tag_nm, sort_ord, reg_by, reg_date) VALUES ('BT000092', 'SITE000001', 'BL000019', '도쿄', '3', 'SYSTEM', '2026-03-30 14:00:00') ON CONFLICT DO NOTHING;
INSERT INTO shopjoy_2604.cm_blog_tag (blog_tag_id, site_id, blog_id, tag_nm, sort_ord, reg_by, reg_date) VALUES ('BT000093', 'SITE000001', 'BL000019', '여행스타일', '4', 'SYSTEM', '2026-03-30 14:00:00') ON CONFLICT DO NOTHING;
INSERT INTO shopjoy_2604.cm_blog_tag (blog_tag_id, site_id, blog_id, tag_nm, sort_ord, reg_by, reg_date) VALUES ('BT000094', 'SITE000001', 'BL000020', '공지', '0', 'SYSTEM', '2026-01-15 09:00:00') ON CONFLICT DO NOTHING;
INSERT INTO shopjoy_2604.cm_blog_tag (blog_tag_id, site_id, blog_id, tag_nm, sort_ord, reg_by, reg_date) VALUES ('BT000095', 'SITE000001', 'BL000020', '블로그오픈', '1', 'SYSTEM', '2026-01-15 09:00:00') ON CONFLICT DO NOTHING;
INSERT INTO shopjoy_2604.cm_blog_tag (blog_tag_id, site_id, blog_id, tag_nm, sort_ord, reg_by, reg_date) VALUES ('BT000096', 'SITE000001', 'BL000020', 'ShopJoy', '2', 'SYSTEM', '2026-01-15 09:00:00') ON CONFLICT DO NOTHING;

-- ── 5. cm_blog_reply — 댓글 ──────────────────────────────────
INSERT INTO shopjoy_2604.cm_blog_reply (comment_id, site_id, blog_id, parent_comment_id, writer_id, writer_nm, blog_comment_content, comment_status_cd, comment_status_cd_before, reg_by, reg_date) VALUES ('CM000001', 'SITE000001', 'BL000001', NULL, 'MB000001', '이수진', '정말 유용한 정보네요! 다음 시즌 스타일링에 꼭 참고하겠습니다 😊', 'ACTIVE', NULL, 'SYSTEM', '2026-04-10 12:30:00') ON CONFLICT DO NOTHING;
INSERT INTO shopjoy_2604.cm_blog_reply (comment_id, site_id, blog_id, parent_comment_id, writer_id, writer_nm, blog_comment_content, comment_status_cd, comment_status_cd_before, reg_by, reg_date) VALUES ('CM000002', 'SITE000001', 'BL000001', NULL, 'MB000002', '박지현', '사진도 예쁘고 설명도 자세해서 좋아요. 트렌치코트 어디서 구매했나요?', 'ACTIVE', NULL, 'SYSTEM', '2026-04-10 14:00:00') ON CONFLICT DO NOTHING;
INSERT INTO shopjoy_2604.cm_blog_reply (comment_id, site_id, blog_id, parent_comment_id, writer_id, writer_nm, blog_comment_content, comment_status_cd, comment_status_cd_before, reg_by, reg_date) VALUES ('CM000003', 'SITE000001', 'BL000001', 'CM000002', 'MB000003', '정다운', '저도 궁금해요! ShopJoy에서 파는 것 같던데요~', 'ACTIVE', NULL, 'SYSTEM', '2026-04-10 15:20:00') ON CONFLICT DO NOTHING;
INSERT INTO shopjoy_2604.cm_blog_reply (comment_id, site_id, blog_id, parent_comment_id, writer_id, writer_nm, blog_comment_content, comment_status_cd, comment_status_cd_before, reg_by, reg_date) VALUES ('CM000004', 'SITE000001', 'BL000001', NULL, 'MB000004', '최예린', '이런 글 더 많이 올려주세요! 매번 기다리고 있습니다.', 'ACTIVE', NULL, 'SYSTEM', '2026-04-11 09:00:00') ON CONFLICT DO NOTHING;
INSERT INTO shopjoy_2604.cm_blog_reply (comment_id, site_id, blog_id, parent_comment_id, writer_id, writer_nm, blog_comment_content, comment_status_cd, comment_status_cd_before, reg_by, reg_date) VALUES ('CM000005', 'SITE000001', 'BL000001', 'CM000001', 'MB000005', '강하늘', '맞아요, 저도 따라해봤는데 완전 좋았어요!', 'ACTIVE', NULL, 'SYSTEM', '2026-04-11 10:30:00') ON CONFLICT DO NOTHING;
INSERT INTO shopjoy_2604.cm_blog_reply (comment_id, site_id, blog_id, parent_comment_id, writer_id, writer_nm, blog_comment_content, comment_status_cd, comment_status_cd_before, reg_by, reg_date) VALUES ('CM000006', 'SITE000001', 'BL000002', NULL, 'MB000002', '박지현', '트렌치코트 진짜 필수템이죠. 올봄엔 꼭 사야겠어요!', 'ACTIVE', NULL, 'SYSTEM', '2026-04-07 14:00:00') ON CONFLICT DO NOTHING;
INSERT INTO shopjoy_2604.cm_blog_reply (comment_id, site_id, blog_id, parent_comment_id, writer_id, writer_nm, blog_comment_content, comment_status_cd, comment_status_cd_before, reg_by, reg_date) VALUES ('CM000007', 'SITE000001', 'BL000002', NULL, 'MB000006', '김서연', '데님 재킷도 있어서 좋네요. 봄 아우터 고르는 데 도움이 많이 됐어요.', 'ACTIVE', NULL, 'SYSTEM', '2026-04-08 09:00:00') ON CONFLICT DO NOTHING;
INSERT INTO shopjoy_2604.cm_blog_reply (comment_id, site_id, blog_id, parent_comment_id, writer_id, writer_nm, blog_comment_content, comment_status_cd, comment_status_cd_before, reg_by, reg_date) VALUES ('CM000008', 'SITE000001', 'BL000002', 'CM000006', 'MB000001', '이수진', '저도 트렌치코트로 결정했어요! ShopJoy꺼 예쁘더라고요 ㅎㅎ', 'ACTIVE', NULL, 'SYSTEM', '2026-04-08 10:00:00') ON CONFLICT DO NOTHING;
INSERT INTO shopjoy_2604.cm_blog_reply (comment_id, site_id, blog_id, parent_comment_id, writer_id, writer_nm, blog_comment_content, comment_status_cd, comment_status_cd_before, reg_by, reg_date) VALUES ('CM000009', 'SITE000001', 'BL000003', NULL, 'MB000003', '정다운', '데님 케어 방법 몰랐는데 이제 알겠어요. 뒤집어서 세탁하는 거 꼭 실천해야겠어요!', 'ACTIVE', NULL, 'SYSTEM', '2026-04-03 16:00:00') ON CONFLICT DO NOTHING;
INSERT INTO shopjoy_2604.cm_blog_reply (comment_id, site_id, blog_id, parent_comment_id, writer_id, writer_nm, blog_comment_content, comment_status_cd, comment_status_cd_before, reg_by, reg_date) VALUES ('CM000010', 'SITE000001', 'BL000003', NULL, 'MB000007', '오민준', '와이드 데님 어디 거 추천하시나요?', 'ACTIVE', NULL, 'SYSTEM', '2026-04-04 10:00:00') ON CONFLICT DO NOTHING;
INSERT INTO shopjoy_2604.cm_blog_reply (comment_id, site_id, blog_id, parent_comment_id, writer_id, writer_nm, blog_comment_content, comment_status_cd, comment_status_cd_before, reg_by, reg_date) VALUES ('CM000011', 'SITE000001', 'BL000003', 'CM000010', 'MB000001', '이수진', 'ShopJoy 신상 와이드 진 완전 추천! 핏이 진짜 좋아요', 'ACTIVE', NULL, 'SYSTEM', '2026-04-04 11:30:00') ON CONFLICT DO NOTHING;
INSERT INTO shopjoy_2604.cm_blog_reply (comment_id, site_id, blog_id, parent_comment_id, writer_id, writer_nm, blog_comment_content, comment_status_cd, comment_status_cd_before, reg_by, reg_date) VALUES ('CM000012', 'SITE000001', 'BL000003', NULL, 'MB000004', '최예린', '청청코디도 트렌디하다니! 해봐야겠어요 ㅎㅎ', 'ACTIVE', NULL, 'SYSTEM', '2026-04-05 09:00:00') ON CONFLICT DO NOTHING;
INSERT INTO shopjoy_2604.cm_blog_reply (comment_id, site_id, blog_id, parent_comment_id, writer_id, writer_nm, blog_comment_content, comment_status_cd, comment_status_cd_before, reg_by, reg_date) VALUES ('CM000013', 'SITE000001', 'BL000006', NULL, 'MB000001', '이수진', '라벤더 컬러 너무 예뻐요! 올봄 완전 입고 싶은 색상이에요 💜', 'ACTIVE', NULL, 'SYSTEM', '2026-04-08 12:00:00') ON CONFLICT DO NOTHING;
INSERT INTO shopjoy_2604.cm_blog_reply (comment_id, site_id, blog_id, parent_comment_id, writer_id, writer_nm, blog_comment_content, comment_status_cd, comment_status_cd_before, reg_by, reg_date) VALUES ('CM000014', 'SITE000001', 'BL000006', NULL, 'MB000008', '한지수', '파스텔 컬러 믹스하기가 항상 어려웠는데 60-30-10 법칙 적용해봐야겠어요!', 'ACTIVE', NULL, 'SYSTEM', '2026-04-09 09:30:00') ON CONFLICT DO NOTHING;
INSERT INTO shopjoy_2604.cm_blog_reply (comment_id, site_id, blog_id, parent_comment_id, writer_id, writer_nm, blog_comment_content, comment_status_cd, comment_status_cd_before, reg_by, reg_date) VALUES ('CM000015', 'SITE000001', 'BL000006', 'CM000013', 'MB000005', '강하늘', '저도 라벤더 원피스 샀는데 진짜 너무 예뻐요~', 'ACTIVE', NULL, 'SYSTEM', '2026-04-09 11:00:00') ON CONFLICT DO NOTHING;
INSERT INTO shopjoy_2604.cm_blog_reply (comment_id, site_id, blog_id, parent_comment_id, writer_id, writer_nm, blog_comment_content, comment_status_cd, comment_status_cd_before, reg_by, reg_date) VALUES ('CM000016', 'SITE000001', 'BL000006', NULL, 'MB000009', '윤서준', '코랄 핑크도 예쁘죠! 올봄 컬러는 정말 다 예쁜 것 같아요', 'ACTIVE', NULL, 'SYSTEM', '2026-04-10 14:00:00') ON CONFLICT DO NOTHING;
INSERT INTO shopjoy_2604.cm_blog_reply (comment_id, site_id, blog_id, parent_comment_id, writer_id, writer_nm, blog_comment_content, comment_status_cd, comment_status_cd_before, reg_by, reg_date) VALUES ('CM000017', 'SITE000001', 'BL000006', NULL, 'MB000002', '박지현', '컬러 가이드 덕분에 쇼핑이 쉬워질 것 같아요 감사합니다!', 'ACTIVE', NULL, 'SYSTEM', '2026-04-10 16:00:00') ON CONFLICT DO NOTHING;
INSERT INTO shopjoy_2604.cm_blog_reply (comment_id, site_id, blog_id, parent_comment_id, writer_id, writer_nm, blog_comment_content, comment_status_cd, comment_status_cd_before, reg_by, reg_date) VALUES ('CM000018', 'SITE000001', 'BL000009', NULL, 'MB000006', '김서연', '캡슐 워드로브 진짜 해보고 싶었는데 이 글 보고 드디어 시작했어요!', 'ACTIVE', NULL, 'SYSTEM', '2026-04-05 11:00:00') ON CONFLICT DO NOTHING;
INSERT INTO shopjoy_2604.cm_blog_reply (comment_id, site_id, blog_id, parent_comment_id, writer_id, writer_nm, blog_comment_content, comment_status_cd, comment_status_cd_before, reg_by, reg_date) VALUES ('CM000019', 'SITE000001', 'BL000009', NULL, 'MB000003', '정다운', '침대에 옷 다 쏟아내기... 저도 해봤는데 충격적이었어요 ㅋㅋㅋ', 'ACTIVE', NULL, 'SYSTEM', '2026-04-05 13:00:00') ON CONFLICT DO NOTHING;
INSERT INTO shopjoy_2604.cm_blog_reply (comment_id, site_id, blog_id, parent_comment_id, writer_id, writer_nm, blog_comment_content, comment_status_cd, comment_status_cd_before, reg_by, reg_date) VALUES ('CM000020', 'SITE000001', 'BL000009', 'CM000018', 'MB000007', '오민준', '저도 캡슐 워드로브 1달째 실천 중인데 정말 아침이 편해졌어요!', 'ACTIVE', NULL, 'SYSTEM', '2026-04-06 09:00:00') ON CONFLICT DO NOTHING;
INSERT INTO shopjoy_2604.cm_blog_reply (comment_id, site_id, blog_id, parent_comment_id, writer_id, writer_nm, blog_comment_content, comment_status_cd, comment_status_cd_before, reg_by, reg_date) VALUES ('CM000021', 'SITE000001', 'BL000009', NULL, 'MB000010', '임채원', '미니멀 라이프 지향하는 분들 꼭 읽어보세요. 강추!', 'ACTIVE', NULL, 'SYSTEM', '2026-04-06 15:00:00') ON CONFLICT DO NOTHING;
INSERT INTO shopjoy_2604.cm_blog_reply (comment_id, site_id, blog_id, parent_comment_id, writer_id, writer_nm, blog_comment_content, comment_status_cd, comment_status_cd_before, reg_by, reg_date) VALUES ('CM000022', 'SITE000001', 'BL000010', NULL, 'MB000004', '최예린', '지속 가능한 패션 진짜 중요한 것 같아요. 중고 의류 플랫폼 자주 이용하게 됐어요!', 'ACTIVE', NULL, 'SYSTEM', '2026-03-29 10:00:00') ON CONFLICT DO NOTHING;
INSERT INTO shopjoy_2604.cm_blog_reply (comment_id, site_id, blog_id, parent_comment_id, writer_id, writer_nm, blog_comment_content, comment_status_cd, comment_status_cd_before, reg_by, reg_date) VALUES ('CM000023', 'SITE000001', 'BL000010', NULL, 'MB000008', '한지수', '옷 수선하기 꼭 실천해봐야겠어요. 단추 떨어진 옷이 몇 개 있는데...', 'ACTIVE', NULL, 'SYSTEM', '2026-03-29 14:00:00') ON CONFLICT DO NOTHING;
INSERT INTO shopjoy_2604.cm_blog_reply (comment_id, site_id, blog_id, parent_comment_id, writer_id, writer_nm, blog_comment_content, comment_status_cd, comment_status_cd_before, reg_by, reg_date) VALUES ('CM000024', 'SITE000001', 'BL000010', 'CM000022', 'MB000005', '강하늘', '저도 올해부터 중고 플랫폼 애용하고 있어요! 빈티지 좋은 거 많더라고요', 'ACTIVE', NULL, 'SYSTEM', '2026-03-30 09:00:00') ON CONFLICT DO NOTHING;
INSERT INTO shopjoy_2604.cm_blog_reply (comment_id, site_id, blog_id, parent_comment_id, writer_id, writer_nm, blog_comment_content, comment_status_cd, comment_status_cd_before, reg_by, reg_date) VALUES ('CM000025', 'SITE000001', 'BL000013', NULL, 'MB000001', '이수진', '페어형 스타일링 항상 고민이었는데 에이라인 스커트 도전해봐야겠어요!', 'ACTIVE', NULL, 'SYSTEM', '2026-04-12 12:00:00') ON CONFLICT DO NOTHING;
INSERT INTO shopjoy_2604.cm_blog_reply (comment_id, site_id, blog_id, parent_comment_id, writer_id, writer_nm, blog_comment_content, comment_status_cd, comment_status_cd_before, reg_by, reg_date) VALUES ('CM000026', 'SITE000001', 'BL000013', NULL, 'MB000009', '윤서준', '직사각형 체형인데 크롭 + 하이웨이스트 조합 정말 효과 있던데요!', 'ACTIVE', NULL, 'SYSTEM', '2026-04-12 14:00:00') ON CONFLICT DO NOTHING;
INSERT INTO shopjoy_2604.cm_blog_reply (comment_id, site_id, blog_id, parent_comment_id, writer_id, writer_nm, blog_comment_content, comment_status_cd, comment_status_cd_before, reg_by, reg_date) VALUES ('CM000027', 'SITE000001', 'BL000013', NULL, 'MB000002', '박지현', '체형별로 딱 맞는 스타일링 알려주셔서 감사해요. 자신감이 생겼어요!', 'ACTIVE', NULL, 'SYSTEM', '2026-04-13 09:00:00') ON CONFLICT DO NOTHING;
INSERT INTO shopjoy_2604.cm_blog_reply (comment_id, site_id, blog_id, parent_comment_id, writer_id, writer_nm, blog_comment_content, comment_status_cd, comment_status_cd_before, reg_by, reg_date) VALUES ('CM000028', 'SITE000001', 'BL000013', 'CM000025', 'MB000006', '김서연', '저도 에이라인 스커트 진짜 잘 어울려요! 한 번 도전해보세요 😊', 'ACTIVE', NULL, 'SYSTEM', '2026-04-13 11:00:00') ON CONFLICT DO NOTHING;
INSERT INTO shopjoy_2604.cm_blog_reply (comment_id, site_id, blog_id, parent_comment_id, writer_id, writer_nm, blog_comment_content, comment_status_cd, comment_status_cd_before, reg_by, reg_date) VALUES ('CM000029', 'SITE000001', 'BL000013', NULL, 'MB000010', '임채원', '트렌드보다 나에게 맞는 핏이 중요하다는 말이 너무 공감돼요', 'ACTIVE', NULL, 'SYSTEM', '2026-04-13 15:00:00') ON CONFLICT DO NOTHING;
INSERT INTO shopjoy_2604.cm_blog_reply (comment_id, site_id, blog_id, parent_comment_id, writer_id, writer_nm, blog_comment_content, comment_status_cd, comment_status_cd_before, reg_by, reg_date) VALUES ('CM000030', 'SITE000001', 'BL000018', NULL, 'MB000003', '정다운', '캐리어 하나로 2주 여행 진짜 가능한가요? ㅎㅎ 도전해봐야겠어요!', 'ACTIVE', NULL, 'SYSTEM', '2026-04-06 13:00:00') ON CONFLICT DO NOTHING;
INSERT INTO shopjoy_2604.cm_blog_reply (comment_id, site_id, blog_id, parent_comment_id, writer_id, writer_nm, blog_comment_content, comment_status_cd, comment_status_cd_before, reg_by, reg_date) VALUES ('CM000031', 'SITE000001', 'BL000018', NULL, 'MB000007', '오민준', '여행 패킹 항상 너무 많이 싸는 편인데 이 방법 써봐야겠어요', 'ACTIVE', NULL, 'SYSTEM', '2026-04-07 10:00:00') ON CONFLICT DO NOTHING;
INSERT INTO shopjoy_2604.cm_blog_reply (comment_id, site_id, blog_id, parent_comment_id, writer_id, writer_nm, blog_comment_content, comment_status_cd, comment_status_cd_before, reg_by, reg_date) VALUES ('CM000032', 'SITE000001', 'BL000018', 'CM000030', 'MB000004', '최예린', '저 지난번에 10일 여행 캐리어 하나로 다녀왔어요! 진짜 됩니다 ㅎㅎ', 'ACTIVE', NULL, 'SYSTEM', '2026-04-07 12:00:00') ON CONFLICT DO NOTHING;
INSERT INTO shopjoy_2604.cm_blog_reply (comment_id, site_id, blog_id, parent_comment_id, writer_id, writer_nm, blog_comment_content, comment_status_cd, comment_status_cd_before, reg_by, reg_date) VALUES ('CM000033', 'SITE000001', 'BL000020', NULL, 'MB000001', '이수진', '블로그 오픈 축하드려요! 앞으로 좋은 글 많이 부탁드립니다 💕', 'ACTIVE', NULL, 'SYSTEM', '2026-01-15 10:00:00') ON CONFLICT DO NOTHING;
INSERT INTO shopjoy_2604.cm_blog_reply (comment_id, site_id, blog_id, parent_comment_id, writer_id, writer_nm, blog_comment_content, comment_status_cd, comment_status_cd_before, reg_by, reg_date) VALUES ('CM000034', 'SITE000001', 'BL000020', NULL, 'MB000002', '박지현', '기대됩니다! 구독 완료 ✓', 'ACTIVE', NULL, 'SYSTEM', '2026-01-15 11:00:00') ON CONFLICT DO NOTHING;
INSERT INTO shopjoy_2604.cm_blog_reply (comment_id, site_id, blog_id, parent_comment_id, writer_id, writer_nm, blog_comment_content, comment_status_cd, comment_status_cd_before, reg_by, reg_date) VALUES ('CM000035', 'SITE000001', 'BL000020', NULL, 'MB000005', '강하늘', '드디어 ShopJoy 블로그가 생겼군요! 패션 트렌드 글 많이 올려주세요~', 'ACTIVE', NULL, 'SYSTEM', '2026-01-15 14:00:00') ON CONFLICT DO NOTHING;

-- ── 6. cm_blog_good — 좋아요 ──────────────────────────────────
INSERT INTO shopjoy_2604.cm_blog_good (like_id, blog_id, user_id, reg_by, reg_date) VALUES ('BG000001', 'BL000001', 'MB000001', 'SYSTEM', '2026-04-15 12:00:00') ON CONFLICT DO NOTHING;
INSERT INTO shopjoy_2604.cm_blog_good (like_id, blog_id, user_id, reg_by, reg_date) VALUES ('BG000002', 'BL000001', 'MB000002', 'SYSTEM', '2026-04-15 12:00:00') ON CONFLICT DO NOTHING;
INSERT INTO shopjoy_2604.cm_blog_good (like_id, blog_id, user_id, reg_by, reg_date) VALUES ('BG000003', 'BL000001', 'MB000003', 'SYSTEM', '2026-04-15 12:00:00') ON CONFLICT DO NOTHING;
INSERT INTO shopjoy_2604.cm_blog_good (like_id, blog_id, user_id, reg_by, reg_date) VALUES ('BG000004', 'BL000001', 'MB000004', 'SYSTEM', '2026-04-15 12:00:00') ON CONFLICT DO NOTHING;
INSERT INTO shopjoy_2604.cm_blog_good (like_id, blog_id, user_id, reg_by, reg_date) VALUES ('BG000005', 'BL000001', 'MB000005', 'SYSTEM', '2026-04-15 12:00:00') ON CONFLICT DO NOTHING;
INSERT INTO shopjoy_2604.cm_blog_good (like_id, blog_id, user_id, reg_by, reg_date) VALUES ('BG000006', 'BL000001', 'MB000006', 'SYSTEM', '2026-04-15 12:00:00') ON CONFLICT DO NOTHING;
INSERT INTO shopjoy_2604.cm_blog_good (like_id, blog_id, user_id, reg_by, reg_date) VALUES ('BG000007', 'BL000001', 'MB000007', 'SYSTEM', '2026-04-15 12:00:00') ON CONFLICT DO NOTHING;
INSERT INTO shopjoy_2604.cm_blog_good (like_id, blog_id, user_id, reg_by, reg_date) VALUES ('BG000008', 'BL000001', 'MB000008', 'SYSTEM', '2026-04-15 12:00:00') ON CONFLICT DO NOTHING;
INSERT INTO shopjoy_2604.cm_blog_good (like_id, blog_id, user_id, reg_by, reg_date) VALUES ('BG000009', 'BL000006', 'MB000001', 'SYSTEM', '2026-04-15 12:00:00') ON CONFLICT DO NOTHING;
INSERT INTO shopjoy_2604.cm_blog_good (like_id, blog_id, user_id, reg_by, reg_date) VALUES ('BG000010', 'BL000006', 'MB000002', 'SYSTEM', '2026-04-15 12:00:00') ON CONFLICT DO NOTHING;
INSERT INTO shopjoy_2604.cm_blog_good (like_id, blog_id, user_id, reg_by, reg_date) VALUES ('BG000011', 'BL000006', 'MB000003', 'SYSTEM', '2026-04-15 12:00:00') ON CONFLICT DO NOTHING;
INSERT INTO shopjoy_2604.cm_blog_good (like_id, blog_id, user_id, reg_by, reg_date) VALUES ('BG000012', 'BL000006', 'MB000004', 'SYSTEM', '2026-04-15 12:00:00') ON CONFLICT DO NOTHING;
INSERT INTO shopjoy_2604.cm_blog_good (like_id, blog_id, user_id, reg_by, reg_date) VALUES ('BG000013', 'BL000006', 'MB000009', 'SYSTEM', '2026-04-15 12:00:00') ON CONFLICT DO NOTHING;
INSERT INTO shopjoy_2604.cm_blog_good (like_id, blog_id, user_id, reg_by, reg_date) VALUES ('BG000014', 'BL000006', 'MB000010', 'SYSTEM', '2026-04-15 12:00:00') ON CONFLICT DO NOTHING;
INSERT INTO shopjoy_2604.cm_blog_good (like_id, blog_id, user_id, reg_by, reg_date) VALUES ('BG000015', 'BL000013', 'MB000001', 'SYSTEM', '2026-04-15 12:00:00') ON CONFLICT DO NOTHING;
INSERT INTO shopjoy_2604.cm_blog_good (like_id, blog_id, user_id, reg_by, reg_date) VALUES ('BG000016', 'BL000013', 'MB000002', 'SYSTEM', '2026-04-15 12:00:00') ON CONFLICT DO NOTHING;
INSERT INTO shopjoy_2604.cm_blog_good (like_id, blog_id, user_id, reg_by, reg_date) VALUES ('BG000017', 'BL000013', 'MB000005', 'SYSTEM', '2026-04-15 12:00:00') ON CONFLICT DO NOTHING;
INSERT INTO shopjoy_2604.cm_blog_good (like_id, blog_id, user_id, reg_by, reg_date) VALUES ('BG000018', 'BL000013', 'MB000006', 'SYSTEM', '2026-04-15 12:00:00') ON CONFLICT DO NOTHING;
INSERT INTO shopjoy_2604.cm_blog_good (like_id, blog_id, user_id, reg_by, reg_date) VALUES ('BG000019', 'BL000013', 'MB000007', 'SYSTEM', '2026-04-15 12:00:00') ON CONFLICT DO NOTHING;
INSERT INTO shopjoy_2604.cm_blog_good (like_id, blog_id, user_id, reg_by, reg_date) VALUES ('BG000020', 'BL000013', 'MB000008', 'SYSTEM', '2026-04-15 12:00:00') ON CONFLICT DO NOTHING;
INSERT INTO shopjoy_2604.cm_blog_good (like_id, blog_id, user_id, reg_by, reg_date) VALUES ('BG000021', 'BL000013', 'MB000009', 'SYSTEM', '2026-04-15 12:00:00') ON CONFLICT DO NOTHING;
INSERT INTO shopjoy_2604.cm_blog_good (like_id, blog_id, user_id, reg_by, reg_date) VALUES ('BG000022', 'BL000013', 'MB000010', 'SYSTEM', '2026-04-15 12:00:00') ON CONFLICT DO NOTHING;
INSERT INTO shopjoy_2604.cm_blog_good (like_id, blog_id, user_id, reg_by, reg_date) VALUES ('BG000023', 'BL000009', 'MB000003', 'SYSTEM', '2026-04-15 12:00:00') ON CONFLICT DO NOTHING;
INSERT INTO shopjoy_2604.cm_blog_good (like_id, blog_id, user_id, reg_by, reg_date) VALUES ('BG000024', 'BL000009', 'MB000004', 'SYSTEM', '2026-04-15 12:00:00') ON CONFLICT DO NOTHING;
INSERT INTO shopjoy_2604.cm_blog_good (like_id, blog_id, user_id, reg_by, reg_date) VALUES ('BG000025', 'BL000009', 'MB000005', 'SYSTEM', '2026-04-15 12:00:00') ON CONFLICT DO NOTHING;
INSERT INTO shopjoy_2604.cm_blog_good (like_id, blog_id, user_id, reg_by, reg_date) VALUES ('BG000026', 'BL000009', 'MB000006', 'SYSTEM', '2026-04-15 12:00:00') ON CONFLICT DO NOTHING;
INSERT INTO shopjoy_2604.cm_blog_good (like_id, blog_id, user_id, reg_by, reg_date) VALUES ('BG000027', 'BL000009', 'MB000007', 'SYSTEM', '2026-04-15 12:00:00') ON CONFLICT DO NOTHING;
INSERT INTO shopjoy_2604.cm_blog_good (like_id, blog_id, user_id, reg_by, reg_date) VALUES ('BG000028', 'BL000020', 'MB000001', 'SYSTEM', '2026-04-15 12:00:00') ON CONFLICT DO NOTHING;
INSERT INTO shopjoy_2604.cm_blog_good (like_id, blog_id, user_id, reg_by, reg_date) VALUES ('BG000029', 'BL000020', 'MB000002', 'SYSTEM', '2026-04-15 12:00:00') ON CONFLICT DO NOTHING;
INSERT INTO shopjoy_2604.cm_blog_good (like_id, blog_id, user_id, reg_by, reg_date) VALUES ('BG000030', 'BL000020', 'MB000003', 'SYSTEM', '2026-04-15 12:00:00') ON CONFLICT DO NOTHING;
INSERT INTO shopjoy_2604.cm_blog_good (like_id, blog_id, user_id, reg_by, reg_date) VALUES ('BG000031', 'BL000020', 'MB000004', 'SYSTEM', '2026-04-15 12:00:00') ON CONFLICT DO NOTHING;
INSERT INTO shopjoy_2604.cm_blog_good (like_id, blog_id, user_id, reg_by, reg_date) VALUES ('BG000032', 'BL000020', 'MB000005', 'SYSTEM', '2026-04-15 12:00:00') ON CONFLICT DO NOTHING;
INSERT INTO shopjoy_2604.cm_blog_good (like_id, blog_id, user_id, reg_by, reg_date) VALUES ('BG000033', 'BL000002', 'MB000001', 'SYSTEM', '2026-04-15 12:00:00') ON CONFLICT DO NOTHING;
INSERT INTO shopjoy_2604.cm_blog_good (like_id, blog_id, user_id, reg_by, reg_date) VALUES ('BG000034', 'BL000002', 'MB000003', 'SYSTEM', '2026-04-15 12:00:00') ON CONFLICT DO NOTHING;
INSERT INTO shopjoy_2604.cm_blog_good (like_id, blog_id, user_id, reg_by, reg_date) VALUES ('BG000035', 'BL000002', 'MB000008', 'SYSTEM', '2026-04-15 12:00:00') ON CONFLICT DO NOTHING;
INSERT INTO shopjoy_2604.cm_blog_good (like_id, blog_id, user_id, reg_by, reg_date) VALUES ('BG000036', 'BL000003', 'MB000002', 'SYSTEM', '2026-04-15 12:00:00') ON CONFLICT DO NOTHING;
INSERT INTO shopjoy_2604.cm_blog_good (like_id, blog_id, user_id, reg_by, reg_date) VALUES ('BG000037', 'BL000003', 'MB000004', 'SYSTEM', '2026-04-15 12:00:00') ON CONFLICT DO NOTHING;
INSERT INTO shopjoy_2604.cm_blog_good (like_id, blog_id, user_id, reg_by, reg_date) VALUES ('BG000038', 'BL000003', 'MB000005', 'SYSTEM', '2026-04-15 12:00:00') ON CONFLICT DO NOTHING;
INSERT INTO shopjoy_2604.cm_blog_good (like_id, blog_id, user_id, reg_by, reg_date) VALUES ('BG000039', 'BL000004', 'MB000006', 'SYSTEM', '2026-04-15 12:00:00') ON CONFLICT DO NOTHING;
INSERT INTO shopjoy_2604.cm_blog_good (like_id, blog_id, user_id, reg_by, reg_date) VALUES ('BG000040', 'BL000004', 'MB000007', 'SYSTEM', '2026-04-15 12:00:00') ON CONFLICT DO NOTHING;
INSERT INTO shopjoy_2604.cm_blog_good (like_id, blog_id, user_id, reg_by, reg_date) VALUES ('BG000041', 'BL000005', 'MB000001', 'SYSTEM', '2026-04-15 12:00:00') ON CONFLICT DO NOTHING;
INSERT INTO shopjoy_2604.cm_blog_good (like_id, blog_id, user_id, reg_by, reg_date) VALUES ('BG000042', 'BL000005', 'MB000002', 'SYSTEM', '2026-04-15 12:00:00') ON CONFLICT DO NOTHING;
INSERT INTO shopjoy_2604.cm_blog_good (like_id, blog_id, user_id, reg_by, reg_date) VALUES ('BG000043', 'BL000005', 'MB000009', 'SYSTEM', '2026-04-15 12:00:00') ON CONFLICT DO NOTHING;
INSERT INTO shopjoy_2604.cm_blog_good (like_id, blog_id, user_id, reg_by, reg_date) VALUES ('BG000044', 'BL000007', 'MB000003', 'SYSTEM', '2026-04-15 12:00:00') ON CONFLICT DO NOTHING;
INSERT INTO shopjoy_2604.cm_blog_good (like_id, blog_id, user_id, reg_by, reg_date) VALUES ('BG000045', 'BL000007', 'MB000010', 'SYSTEM', '2026-04-15 12:00:00') ON CONFLICT DO NOTHING;
INSERT INTO shopjoy_2604.cm_blog_good (like_id, blog_id, user_id, reg_by, reg_date) VALUES ('BG000046', 'BL000008', 'MB000004', 'SYSTEM', '2026-04-15 12:00:00') ON CONFLICT DO NOTHING;
INSERT INTO shopjoy_2604.cm_blog_good (like_id, blog_id, user_id, reg_by, reg_date) VALUES ('BG000047', 'BL000008', 'MB000005', 'SYSTEM', '2026-04-15 12:00:00') ON CONFLICT DO NOTHING;
INSERT INTO shopjoy_2604.cm_blog_good (like_id, blog_id, user_id, reg_by, reg_date) VALUES ('BG000048', 'BL000008', 'MB000006', 'SYSTEM', '2026-04-15 12:00:00') ON CONFLICT DO NOTHING;
INSERT INTO shopjoy_2604.cm_blog_good (like_id, blog_id, user_id, reg_by, reg_date) VALUES ('BG000049', 'BL000010', 'MB000007', 'SYSTEM', '2026-04-15 12:00:00') ON CONFLICT DO NOTHING;
INSERT INTO shopjoy_2604.cm_blog_good (like_id, blog_id, user_id, reg_by, reg_date) VALUES ('BG000050', 'BL000010', 'MB000008', 'SYSTEM', '2026-04-15 12:00:00') ON CONFLICT DO NOTHING;
INSERT INTO shopjoy_2604.cm_blog_good (like_id, blog_id, user_id, reg_by, reg_date) VALUES ('BG000051', 'BL000011', 'MB000001', 'SYSTEM', '2026-04-15 12:00:00') ON CONFLICT DO NOTHING;
INSERT INTO shopjoy_2604.cm_blog_good (like_id, blog_id, user_id, reg_by, reg_date) VALUES ('BG000052', 'BL000011', 'MB000009', 'SYSTEM', '2026-04-15 12:00:00') ON CONFLICT DO NOTHING;
INSERT INTO shopjoy_2604.cm_blog_good (like_id, blog_id, user_id, reg_by, reg_date) VALUES ('BG000053', 'BL000012', 'MB000002', 'SYSTEM', '2026-04-15 12:00:00') ON CONFLICT DO NOTHING;
INSERT INTO shopjoy_2604.cm_blog_good (like_id, blog_id, user_id, reg_by, reg_date) VALUES ('BG000054', 'BL000012', 'MB000010', 'SYSTEM', '2026-04-15 12:00:00') ON CONFLICT DO NOTHING;
INSERT INTO shopjoy_2604.cm_blog_good (like_id, blog_id, user_id, reg_by, reg_date) VALUES ('BG000055', 'BL000014', 'MB000003', 'SYSTEM', '2026-04-15 12:00:00') ON CONFLICT DO NOTHING;
INSERT INTO shopjoy_2604.cm_blog_good (like_id, blog_id, user_id, reg_by, reg_date) VALUES ('BG000056', 'BL000014', 'MB000004', 'SYSTEM', '2026-04-15 12:00:00') ON CONFLICT DO NOTHING;
INSERT INTO shopjoy_2604.cm_blog_good (like_id, blog_id, user_id, reg_by, reg_date) VALUES ('BG000057', 'BL000014', 'MB000005', 'SYSTEM', '2026-04-15 12:00:00') ON CONFLICT DO NOTHING;
INSERT INTO shopjoy_2604.cm_blog_good (like_id, blog_id, user_id, reg_by, reg_date) VALUES ('BG000058', 'BL000015', 'MB000006', 'SYSTEM', '2026-04-15 12:00:00') ON CONFLICT DO NOTHING;
INSERT INTO shopjoy_2604.cm_blog_good (like_id, blog_id, user_id, reg_by, reg_date) VALUES ('BG000059', 'BL000015', 'MB000007', 'SYSTEM', '2026-04-15 12:00:00') ON CONFLICT DO NOTHING;
INSERT INTO shopjoy_2604.cm_blog_good (like_id, blog_id, user_id, reg_by, reg_date) VALUES ('BG000060', 'BL000016', 'MB000001', 'SYSTEM', '2026-04-15 12:00:00') ON CONFLICT DO NOTHING;
INSERT INTO shopjoy_2604.cm_blog_good (like_id, blog_id, user_id, reg_by, reg_date) VALUES ('BG000061', 'BL000016', 'MB000008', 'SYSTEM', '2026-04-15 12:00:00') ON CONFLICT DO NOTHING;
INSERT INTO shopjoy_2604.cm_blog_good (like_id, blog_id, user_id, reg_by, reg_date) VALUES ('BG000062', 'BL000017', 'MB000002', 'SYSTEM', '2026-04-15 12:00:00') ON CONFLICT DO NOTHING;
INSERT INTO shopjoy_2604.cm_blog_good (like_id, blog_id, user_id, reg_by, reg_date) VALUES ('BG000063', 'BL000017', 'MB000009', 'SYSTEM', '2026-04-15 12:00:00') ON CONFLICT DO NOTHING;
INSERT INTO shopjoy_2604.cm_blog_good (like_id, blog_id, user_id, reg_by, reg_date) VALUES ('BG000064', 'BL000018', 'MB000003', 'SYSTEM', '2026-04-15 12:00:00') ON CONFLICT DO NOTHING;
INSERT INTO shopjoy_2604.cm_blog_good (like_id, blog_id, user_id, reg_by, reg_date) VALUES ('BG000065', 'BL000018', 'MB000004', 'SYSTEM', '2026-04-15 12:00:00') ON CONFLICT DO NOTHING;
INSERT INTO shopjoy_2604.cm_blog_good (like_id, blog_id, user_id, reg_by, reg_date) VALUES ('BG000066', 'BL000018', 'MB000010', 'SYSTEM', '2026-04-15 12:00:00') ON CONFLICT DO NOTHING;
INSERT INTO shopjoy_2604.cm_blog_good (like_id, blog_id, user_id, reg_by, reg_date) VALUES ('BG000067', 'BL000019', 'MB000005', 'SYSTEM', '2026-04-15 12:00:00') ON CONFLICT DO NOTHING;
INSERT INTO shopjoy_2604.cm_blog_good (like_id, blog_id, user_id, reg_by, reg_date) VALUES ('BG000068', 'BL000019', 'MB000006', 'SYSTEM', '2026-04-15 12:00:00') ON CONFLICT DO NOTHING;
