-- 상품 도메인 샘플 INSERT (PD000201~PD000205)
-- 생성일: 2026-05-05 11:41:11
-- 11개 상품 테이블 + sy_attach/sy_attach_grp 2개 첨부 테이블

BEGIN;

-- ===== sy_attach_grp =====
INSERT INTO shopjoy_2604.sy_attach_grp (attach_grp_id, attach_grp_code, attach_grp_nm, file_ext_allow, max_file_size, max_file_count, storage_path, use_yn, sort_ord, attach_grp_remark, reg_by, reg_date, upd_by, upd_date) VALUES ('ATG260505SAMPLES01', 'PROD_SAMPLE_260505', '샘플 상품 이미지(260505)', 'webp,jpg,png', 5242880, 50, '/cdn/product', 'Y', 0, '신규 샘플 상품 이미지 그룹', 'admin', NOW(), 'admin', NOW());

-- ===== pd_prod (5건) =====
INSERT INTO shopjoy_2604.pd_prod (prod_id, site_id, category_id, brand_id, vendor_id, prod_nm, prod_type_cd, prod_code, list_price, sale_price, purchase_price, margin_rate, prod_stock, prod_status_cd, thumbnail_url, content_html, weight, is_new, is_best, view_count, sale_count, sale_start_date, min_buy_qty, sold_out_yn, coupon_use_yn, save_use_yn, discnt_use_yn, reg_by, reg_date, upd_by, upd_date) VALUES ('PD000201', 'SITE000001', 'CT000003', 'BRD0000000000001', NULL, '프리미엄 슬림핏 청바지', 'SINGLE', 'SKU-PD000201', 89000, 65000, 39000, 40.00, 100, 'ACTIVE', 'assets/cdn/prod/img/shop/product/fashion/fashion-1.webp', '<p>프리미엄 슬림핏 청바지 상품 상세 컨텐츠 영역입니다.</p>', 0.5, 'Y', 'N', 0, 0, NOW(), 1, 'N', 'Y', 'Y', 'Y', 'admin', NOW(), 'admin', NOW());
INSERT INTO shopjoy_2604.pd_prod (prod_id, site_id, category_id, brand_id, vendor_id, prod_nm, prod_type_cd, prod_code, list_price, sale_price, purchase_price, margin_rate, prod_stock, prod_status_cd, thumbnail_url, content_html, weight, is_new, is_best, view_count, sale_count, sale_start_date, min_buy_qty, sold_out_yn, coupon_use_yn, save_use_yn, discnt_use_yn, reg_by, reg_date, upd_by, upd_date) VALUES ('PD000202', 'SITE000001', 'CT000003', 'BRD0000000000001', NULL, '데일리 코튼 셔츠', 'SINGLE', 'SKU-PD000202', 55000, 39000, 23400, 40.00, 100, 'ACTIVE', 'assets/cdn/prod/img/shop/product/fashion/fashion-2.webp', '<p>데일리 코튼 셔츠 상품 상세 컨텐츠 영역입니다.</p>', 0.5, 'Y', 'N', 0, 0, NOW(), 1, 'N', 'Y', 'Y', 'Y', 'admin', NOW(), 'admin', NOW());
INSERT INTO shopjoy_2604.pd_prod (prod_id, site_id, category_id, brand_id, vendor_id, prod_nm, prod_type_cd, prod_code, list_price, sale_price, purchase_price, margin_rate, prod_stock, prod_status_cd, thumbnail_url, content_html, weight, is_new, is_best, view_count, sale_count, sale_start_date, min_buy_qty, sold_out_yn, coupon_use_yn, save_use_yn, discnt_use_yn, reg_by, reg_date, upd_by, upd_date) VALUES ('PD000203', 'SITE000001', 'CT000003', 'BRD0000000000001', NULL, '오버사이즈 후드 티셔츠', 'SINGLE', 'SKU-PD000203', 75000, 59000, 35400, 40.00, 100, 'ACTIVE', 'assets/cdn/prod/img/shop/product/fashion/fashion-3.webp', '<p>오버사이즈 후드 티셔츠 상품 상세 컨텐츠 영역입니다.</p>', 0.5, 'Y', 'Y', 0, 0, NOW(), 1, 'N', 'Y', 'Y', 'Y', 'admin', NOW(), 'admin', NOW());
INSERT INTO shopjoy_2604.pd_prod (prod_id, site_id, category_id, brand_id, vendor_id, prod_nm, prod_type_cd, prod_code, list_price, sale_price, purchase_price, margin_rate, prod_stock, prod_status_cd, thumbnail_url, content_html, weight, is_new, is_best, view_count, sale_count, sale_start_date, min_buy_qty, sold_out_yn, coupon_use_yn, save_use_yn, discnt_use_yn, reg_by, reg_date, upd_by, upd_date) VALUES ('PD000204', 'SITE000001', 'CT000003', 'BRD0000000000001', NULL, '베이직 코디 묶음', 'BUNDLE', 'SKU-PD000204', 180000, 139000, 83400, 40.00, 100, 'ACTIVE', 'assets/cdn/prod/img/shop/product/fashion/fashion-4.webp', '<p>베이직 코디 묶음 상품 상세 컨텐츠 영역입니다.</p>', 0.5, 'Y', 'N', 0, 0, NOW(), 1, 'N', 'Y', 'Y', 'Y', 'admin', NOW(), 'admin', NOW());
INSERT INTO shopjoy_2604.pd_prod (prod_id, site_id, category_id, brand_id, vendor_id, prod_nm, prod_type_cd, prod_code, list_price, sale_price, purchase_price, margin_rate, prod_stock, prod_status_cd, thumbnail_url, content_html, weight, is_new, is_best, view_count, sale_count, sale_start_date, min_buy_qty, sold_out_yn, coupon_use_yn, save_use_yn, discnt_use_yn, reg_by, reg_date, upd_by, upd_date) VALUES ('PD000205', 'SITE000001', 'CT000003', 'BRD0000000000001', NULL, '위크엔드 데일리 세트', 'SET', 'SKU-PD000205', 220000, 169000, 101400, 40.00, 100, 'ACTIVE', 'assets/cdn/prod/img/shop/product/fashion/fashion-5.webp', '<p>위크엔드 데일리 세트 상품 상세 컨텐츠 영역입니다.</p>', 0.5, 'Y', 'N', 0, 0, NOW(), 1, 'N', 'Y', 'Y', 'Y', 'admin', NOW(), 'admin', NOW());

-- ===== pd_prod_opt / pd_prod_opt_item / pd_prod_sku =====
INSERT INTO shopjoy_2604.pd_prod_opt (opt_id, site_id, prod_id, opt_grp_nm, opt_level, opt_type_cd, opt_input_type_cd, sort_ord, reg_by, reg_date, upd_by, upd_date) VALUES ('OPT26050500001', 'SITE000001', 'PD000201', '색상', 1, 'COLOR', 'SELECT', 1, 'admin', NOW(), 'admin', NOW());
INSERT INTO shopjoy_2604.pd_prod_opt (opt_id, site_id, prod_id, opt_grp_nm, opt_level, opt_type_cd, opt_input_type_cd, sort_ord, reg_by, reg_date, upd_by, upd_date) VALUES ('OPT26050500002', 'SITE000001', 'PD000201', '사이즈', 2, 'SIZE', 'SELECT', 2, 'admin', NOW(), 'admin', NOW());
INSERT INTO shopjoy_2604.pd_prod_opt_item (opt_item_id, site_id, opt_id, opt_type_cd, opt_nm, opt_val, sort_ord, use_yn, reg_by, reg_date, upd_by, upd_date) VALUES ('OIT26050500003', 'SITE000001', 'OPT26050500001', 'COLOR', '블랙', '블랙', 1, 'Y', 'admin', NOW(), 'admin', NOW());
INSERT INTO shopjoy_2604.pd_prod_opt_item (opt_item_id, site_id, opt_id, opt_type_cd, opt_nm, opt_val, sort_ord, use_yn, reg_by, reg_date, upd_by, upd_date) VALUES ('OIT26050500004', 'SITE000001', 'OPT26050500001', 'COLOR', '네이비', '네이비', 2, 'Y', 'admin', NOW(), 'admin', NOW());
INSERT INTO shopjoy_2604.pd_prod_opt_item (opt_item_id, site_id, opt_id, opt_type_cd, opt_nm, opt_val, sort_ord, use_yn, reg_by, reg_date, upd_by, upd_date) VALUES ('OIT26050500005', 'SITE000001', 'OPT26050500001', 'COLOR', '베이지', '베이지', 3, 'Y', 'admin', NOW(), 'admin', NOW());
INSERT INTO shopjoy_2604.pd_prod_opt_item (opt_item_id, site_id, opt_id, opt_type_cd, opt_nm, opt_val, sort_ord, use_yn, reg_by, reg_date, upd_by, upd_date) VALUES ('OIT26050500006', 'SITE000001', 'OPT26050500002', 'SIZE', 'S', 'S', 1, 'Y', 'admin', NOW(), 'admin', NOW());
INSERT INTO shopjoy_2604.pd_prod_opt_item (opt_item_id, site_id, opt_id, opt_type_cd, opt_nm, opt_val, sort_ord, use_yn, reg_by, reg_date, upd_by, upd_date) VALUES ('OIT26050500007', 'SITE000001', 'OPT26050500002', 'SIZE', 'M', 'M', 2, 'Y', 'admin', NOW(), 'admin', NOW());
INSERT INTO shopjoy_2604.pd_prod_opt_item (opt_item_id, site_id, opt_id, opt_type_cd, opt_nm, opt_val, sort_ord, use_yn, reg_by, reg_date, upd_by, upd_date) VALUES ('OIT26050500008', 'SITE000001', 'OPT26050500002', 'SIZE', 'L', 'L', 3, 'Y', 'admin', NOW(), 'admin', NOW());
INSERT INTO shopjoy_2604.pd_prod_opt_item (opt_item_id, site_id, opt_id, opt_type_cd, opt_nm, opt_val, sort_ord, use_yn, reg_by, reg_date, upd_by, upd_date) VALUES ('OIT26050500009', 'SITE000001', 'OPT26050500002', 'SIZE', 'XL', 'XL', 4, 'Y', 'admin', NOW(), 'admin', NOW());
INSERT INTO shopjoy_2604.pd_prod_sku (sku_id, site_id, prod_id, sku_code, add_price, prod_opt_stock, use_yn, reg_by, reg_date, upd_by, upd_date) VALUES ('SKU26050500010', 'SITE000001', 'PD000201', 'PD000201-블랙-S', 0, 20, 'Y', 'admin', NOW(), 'admin', NOW());
INSERT INTO shopjoy_2604.pd_prod_sku (sku_id, site_id, prod_id, sku_code, add_price, prod_opt_stock, use_yn, reg_by, reg_date, upd_by, upd_date) VALUES ('SKU26050500011', 'SITE000001', 'PD000201', 'PD000201-블랙-M', 0, 23, 'Y', 'admin', NOW(), 'admin', NOW());
INSERT INTO shopjoy_2604.pd_prod_sku (sku_id, site_id, prod_id, sku_code, add_price, prod_opt_stock, use_yn, reg_by, reg_date, upd_by, upd_date) VALUES ('SKU26050500012', 'SITE000001', 'PD000201', 'PD000201-블랙-L', 5000, 26, 'Y', 'admin', NOW(), 'admin', NOW());
INSERT INTO shopjoy_2604.pd_prod_sku (sku_id, site_id, prod_id, sku_code, add_price, prod_opt_stock, use_yn, reg_by, reg_date, upd_by, upd_date) VALUES ('SKU26050500013', 'SITE000001', 'PD000201', 'PD000201-블랙-XL', 5000, 29, 'Y', 'admin', NOW(), 'admin', NOW());
INSERT INTO shopjoy_2604.pd_prod_sku (sku_id, site_id, prod_id, sku_code, add_price, prod_opt_stock, use_yn, reg_by, reg_date, upd_by, upd_date) VALUES ('SKU26050500014', 'SITE000001', 'PD000201', 'PD000201-네이비-S', 0, 23, 'Y', 'admin', NOW(), 'admin', NOW());
INSERT INTO shopjoy_2604.pd_prod_sku (sku_id, site_id, prod_id, sku_code, add_price, prod_opt_stock, use_yn, reg_by, reg_date, upd_by, upd_date) VALUES ('SKU26050500015', 'SITE000001', 'PD000201', 'PD000201-네이비-M', 0, 26, 'Y', 'admin', NOW(), 'admin', NOW());
INSERT INTO shopjoy_2604.pd_prod_sku (sku_id, site_id, prod_id, sku_code, add_price, prod_opt_stock, use_yn, reg_by, reg_date, upd_by, upd_date) VALUES ('SKU26050500016', 'SITE000001', 'PD000201', 'PD000201-네이비-L', 5000, 29, 'Y', 'admin', NOW(), 'admin', NOW());
INSERT INTO shopjoy_2604.pd_prod_sku (sku_id, site_id, prod_id, sku_code, add_price, prod_opt_stock, use_yn, reg_by, reg_date, upd_by, upd_date) VALUES ('SKU26050500017', 'SITE000001', 'PD000201', 'PD000201-네이비-XL', 5000, 32, 'Y', 'admin', NOW(), 'admin', NOW());
INSERT INTO shopjoy_2604.pd_prod_sku (sku_id, site_id, prod_id, sku_code, add_price, prod_opt_stock, use_yn, reg_by, reg_date, upd_by, upd_date) VALUES ('SKU26050500018', 'SITE000001', 'PD000201', 'PD000201-베이지-S', 0, 26, 'Y', 'admin', NOW(), 'admin', NOW());
INSERT INTO shopjoy_2604.pd_prod_sku (sku_id, site_id, prod_id, sku_code, add_price, prod_opt_stock, use_yn, reg_by, reg_date, upd_by, upd_date) VALUES ('SKU26050500019', 'SITE000001', 'PD000201', 'PD000201-베이지-M', 0, 29, 'Y', 'admin', NOW(), 'admin', NOW());
INSERT INTO shopjoy_2604.pd_prod_sku (sku_id, site_id, prod_id, sku_code, add_price, prod_opt_stock, use_yn, reg_by, reg_date, upd_by, upd_date) VALUES ('SKU26050500020', 'SITE000001', 'PD000201', 'PD000201-베이지-L', 5000, 32, 'Y', 'admin', NOW(), 'admin', NOW());
INSERT INTO shopjoy_2604.pd_prod_sku (sku_id, site_id, prod_id, sku_code, add_price, prod_opt_stock, use_yn, reg_by, reg_date, upd_by, upd_date) VALUES ('SKU26050500021', 'SITE000001', 'PD000201', 'PD000201-베이지-XL', 5000, 35, 'Y', 'admin', NOW(), 'admin', NOW());
INSERT INTO shopjoy_2604.pd_prod_opt (opt_id, site_id, prod_id, opt_grp_nm, opt_level, opt_type_cd, opt_input_type_cd, sort_ord, reg_by, reg_date, upd_by, upd_date) VALUES ('OPT26050500022', 'SITE000001', 'PD000202', '색상', 1, 'COLOR', 'SELECT', 1, 'admin', NOW(), 'admin', NOW());
INSERT INTO shopjoy_2604.pd_prod_opt (opt_id, site_id, prod_id, opt_grp_nm, opt_level, opt_type_cd, opt_input_type_cd, sort_ord, reg_by, reg_date, upd_by, upd_date) VALUES ('OPT26050500023', 'SITE000001', 'PD000202', '사이즈', 2, 'SIZE', 'SELECT', 2, 'admin', NOW(), 'admin', NOW());
INSERT INTO shopjoy_2604.pd_prod_opt_item (opt_item_id, site_id, opt_id, opt_type_cd, opt_nm, opt_val, sort_ord, use_yn, reg_by, reg_date, upd_by, upd_date) VALUES ('OIT26050500024', 'SITE000001', 'OPT26050500022', 'COLOR', '블랙', '블랙', 1, 'Y', 'admin', NOW(), 'admin', NOW());
INSERT INTO shopjoy_2604.pd_prod_opt_item (opt_item_id, site_id, opt_id, opt_type_cd, opt_nm, opt_val, sort_ord, use_yn, reg_by, reg_date, upd_by, upd_date) VALUES ('OIT26050500025', 'SITE000001', 'OPT26050500022', 'COLOR', '네이비', '네이비', 2, 'Y', 'admin', NOW(), 'admin', NOW());
INSERT INTO shopjoy_2604.pd_prod_opt_item (opt_item_id, site_id, opt_id, opt_type_cd, opt_nm, opt_val, sort_ord, use_yn, reg_by, reg_date, upd_by, upd_date) VALUES ('OIT26050500026', 'SITE000001', 'OPT26050500022', 'COLOR', '베이지', '베이지', 3, 'Y', 'admin', NOW(), 'admin', NOW());
INSERT INTO shopjoy_2604.pd_prod_opt_item (opt_item_id, site_id, opt_id, opt_type_cd, opt_nm, opt_val, sort_ord, use_yn, reg_by, reg_date, upd_by, upd_date) VALUES ('OIT26050500027', 'SITE000001', 'OPT26050500023', 'SIZE', 'S', 'S', 1, 'Y', 'admin', NOW(), 'admin', NOW());
INSERT INTO shopjoy_2604.pd_prod_opt_item (opt_item_id, site_id, opt_id, opt_type_cd, opt_nm, opt_val, sort_ord, use_yn, reg_by, reg_date, upd_by, upd_date) VALUES ('OIT26050500028', 'SITE000001', 'OPT26050500023', 'SIZE', 'M', 'M', 2, 'Y', 'admin', NOW(), 'admin', NOW());
INSERT INTO shopjoy_2604.pd_prod_opt_item (opt_item_id, site_id, opt_id, opt_type_cd, opt_nm, opt_val, sort_ord, use_yn, reg_by, reg_date, upd_by, upd_date) VALUES ('OIT26050500029', 'SITE000001', 'OPT26050500023', 'SIZE', 'L', 'L', 3, 'Y', 'admin', NOW(), 'admin', NOW());
INSERT INTO shopjoy_2604.pd_prod_opt_item (opt_item_id, site_id, opt_id, opt_type_cd, opt_nm, opt_val, sort_ord, use_yn, reg_by, reg_date, upd_by, upd_date) VALUES ('OIT26050500030', 'SITE000001', 'OPT26050500023', 'SIZE', 'XL', 'XL', 4, 'Y', 'admin', NOW(), 'admin', NOW());
INSERT INTO shopjoy_2604.pd_prod_sku (sku_id, site_id, prod_id, sku_code, add_price, prod_opt_stock, use_yn, reg_by, reg_date, upd_by, upd_date) VALUES ('SKU26050500031', 'SITE000001', 'PD000202', 'PD000202-블랙-S', 0, 20, 'Y', 'admin', NOW(), 'admin', NOW());
INSERT INTO shopjoy_2604.pd_prod_sku (sku_id, site_id, prod_id, sku_code, add_price, prod_opt_stock, use_yn, reg_by, reg_date, upd_by, upd_date) VALUES ('SKU26050500032', 'SITE000001', 'PD000202', 'PD000202-블랙-M', 0, 23, 'Y', 'admin', NOW(), 'admin', NOW());
INSERT INTO shopjoy_2604.pd_prod_sku (sku_id, site_id, prod_id, sku_code, add_price, prod_opt_stock, use_yn, reg_by, reg_date, upd_by, upd_date) VALUES ('SKU26050500033', 'SITE000001', 'PD000202', 'PD000202-블랙-L', 5000, 26, 'Y', 'admin', NOW(), 'admin', NOW());
INSERT INTO shopjoy_2604.pd_prod_sku (sku_id, site_id, prod_id, sku_code, add_price, prod_opt_stock, use_yn, reg_by, reg_date, upd_by, upd_date) VALUES ('SKU26050500034', 'SITE000001', 'PD000202', 'PD000202-블랙-XL', 5000, 29, 'Y', 'admin', NOW(), 'admin', NOW());
INSERT INTO shopjoy_2604.pd_prod_sku (sku_id, site_id, prod_id, sku_code, add_price, prod_opt_stock, use_yn, reg_by, reg_date, upd_by, upd_date) VALUES ('SKU26050500035', 'SITE000001', 'PD000202', 'PD000202-네이비-S', 0, 23, 'Y', 'admin', NOW(), 'admin', NOW());
INSERT INTO shopjoy_2604.pd_prod_sku (sku_id, site_id, prod_id, sku_code, add_price, prod_opt_stock, use_yn, reg_by, reg_date, upd_by, upd_date) VALUES ('SKU26050500036', 'SITE000001', 'PD000202', 'PD000202-네이비-M', 0, 26, 'Y', 'admin', NOW(), 'admin', NOW());
INSERT INTO shopjoy_2604.pd_prod_sku (sku_id, site_id, prod_id, sku_code, add_price, prod_opt_stock, use_yn, reg_by, reg_date, upd_by, upd_date) VALUES ('SKU26050500037', 'SITE000001', 'PD000202', 'PD000202-네이비-L', 5000, 29, 'Y', 'admin', NOW(), 'admin', NOW());
INSERT INTO shopjoy_2604.pd_prod_sku (sku_id, site_id, prod_id, sku_code, add_price, prod_opt_stock, use_yn, reg_by, reg_date, upd_by, upd_date) VALUES ('SKU26050500038', 'SITE000001', 'PD000202', 'PD000202-네이비-XL', 5000, 32, 'Y', 'admin', NOW(), 'admin', NOW());
INSERT INTO shopjoy_2604.pd_prod_sku (sku_id, site_id, prod_id, sku_code, add_price, prod_opt_stock, use_yn, reg_by, reg_date, upd_by, upd_date) VALUES ('SKU26050500039', 'SITE000001', 'PD000202', 'PD000202-베이지-S', 0, 26, 'Y', 'admin', NOW(), 'admin', NOW());
INSERT INTO shopjoy_2604.pd_prod_sku (sku_id, site_id, prod_id, sku_code, add_price, prod_opt_stock, use_yn, reg_by, reg_date, upd_by, upd_date) VALUES ('SKU26050500040', 'SITE000001', 'PD000202', 'PD000202-베이지-M', 0, 29, 'Y', 'admin', NOW(), 'admin', NOW());
INSERT INTO shopjoy_2604.pd_prod_sku (sku_id, site_id, prod_id, sku_code, add_price, prod_opt_stock, use_yn, reg_by, reg_date, upd_by, upd_date) VALUES ('SKU26050500041', 'SITE000001', 'PD000202', 'PD000202-베이지-L', 5000, 32, 'Y', 'admin', NOW(), 'admin', NOW());
INSERT INTO shopjoy_2604.pd_prod_sku (sku_id, site_id, prod_id, sku_code, add_price, prod_opt_stock, use_yn, reg_by, reg_date, upd_by, upd_date) VALUES ('SKU26050500042', 'SITE000001', 'PD000202', 'PD000202-베이지-XL', 5000, 35, 'Y', 'admin', NOW(), 'admin', NOW());
INSERT INTO shopjoy_2604.pd_prod_opt (opt_id, site_id, prod_id, opt_grp_nm, opt_level, opt_type_cd, opt_input_type_cd, sort_ord, reg_by, reg_date, upd_by, upd_date) VALUES ('OPT26050500043', 'SITE000001', 'PD000203', '색상', 1, 'COLOR', 'SELECT', 1, 'admin', NOW(), 'admin', NOW());
INSERT INTO shopjoy_2604.pd_prod_opt (opt_id, site_id, prod_id, opt_grp_nm, opt_level, opt_type_cd, opt_input_type_cd, sort_ord, reg_by, reg_date, upd_by, upd_date) VALUES ('OPT26050500044', 'SITE000001', 'PD000203', '사이즈', 2, 'SIZE', 'SELECT', 2, 'admin', NOW(), 'admin', NOW());
INSERT INTO shopjoy_2604.pd_prod_opt_item (opt_item_id, site_id, opt_id, opt_type_cd, opt_nm, opt_val, sort_ord, use_yn, reg_by, reg_date, upd_by, upd_date) VALUES ('OIT26050500045', 'SITE000001', 'OPT26050500043', 'COLOR', '블랙', '블랙', 1, 'Y', 'admin', NOW(), 'admin', NOW());
INSERT INTO shopjoy_2604.pd_prod_opt_item (opt_item_id, site_id, opt_id, opt_type_cd, opt_nm, opt_val, sort_ord, use_yn, reg_by, reg_date, upd_by, upd_date) VALUES ('OIT26050500046', 'SITE000001', 'OPT26050500043', 'COLOR', '네이비', '네이비', 2, 'Y', 'admin', NOW(), 'admin', NOW());
INSERT INTO shopjoy_2604.pd_prod_opt_item (opt_item_id, site_id, opt_id, opt_type_cd, opt_nm, opt_val, sort_ord, use_yn, reg_by, reg_date, upd_by, upd_date) VALUES ('OIT26050500047', 'SITE000001', 'OPT26050500043', 'COLOR', '베이지', '베이지', 3, 'Y', 'admin', NOW(), 'admin', NOW());
INSERT INTO shopjoy_2604.pd_prod_opt_item (opt_item_id, site_id, opt_id, opt_type_cd, opt_nm, opt_val, sort_ord, use_yn, reg_by, reg_date, upd_by, upd_date) VALUES ('OIT26050500048', 'SITE000001', 'OPT26050500044', 'SIZE', 'S', 'S', 1, 'Y', 'admin', NOW(), 'admin', NOW());
INSERT INTO shopjoy_2604.pd_prod_opt_item (opt_item_id, site_id, opt_id, opt_type_cd, opt_nm, opt_val, sort_ord, use_yn, reg_by, reg_date, upd_by, upd_date) VALUES ('OIT26050500049', 'SITE000001', 'OPT26050500044', 'SIZE', 'M', 'M', 2, 'Y', 'admin', NOW(), 'admin', NOW());
INSERT INTO shopjoy_2604.pd_prod_opt_item (opt_item_id, site_id, opt_id, opt_type_cd, opt_nm, opt_val, sort_ord, use_yn, reg_by, reg_date, upd_by, upd_date) VALUES ('OIT26050500050', 'SITE000001', 'OPT26050500044', 'SIZE', 'L', 'L', 3, 'Y', 'admin', NOW(), 'admin', NOW());
INSERT INTO shopjoy_2604.pd_prod_opt_item (opt_item_id, site_id, opt_id, opt_type_cd, opt_nm, opt_val, sort_ord, use_yn, reg_by, reg_date, upd_by, upd_date) VALUES ('OIT26050500051', 'SITE000001', 'OPT26050500044', 'SIZE', 'XL', 'XL', 4, 'Y', 'admin', NOW(), 'admin', NOW());
INSERT INTO shopjoy_2604.pd_prod_sku (sku_id, site_id, prod_id, sku_code, add_price, prod_opt_stock, use_yn, reg_by, reg_date, upd_by, upd_date) VALUES ('SKU26050500052', 'SITE000001', 'PD000203', 'PD000203-블랙-S', 0, 20, 'Y', 'admin', NOW(), 'admin', NOW());
INSERT INTO shopjoy_2604.pd_prod_sku (sku_id, site_id, prod_id, sku_code, add_price, prod_opt_stock, use_yn, reg_by, reg_date, upd_by, upd_date) VALUES ('SKU26050500053', 'SITE000001', 'PD000203', 'PD000203-블랙-M', 0, 23, 'Y', 'admin', NOW(), 'admin', NOW());
INSERT INTO shopjoy_2604.pd_prod_sku (sku_id, site_id, prod_id, sku_code, add_price, prod_opt_stock, use_yn, reg_by, reg_date, upd_by, upd_date) VALUES ('SKU26050500054', 'SITE000001', 'PD000203', 'PD000203-블랙-L', 5000, 26, 'Y', 'admin', NOW(), 'admin', NOW());
INSERT INTO shopjoy_2604.pd_prod_sku (sku_id, site_id, prod_id, sku_code, add_price, prod_opt_stock, use_yn, reg_by, reg_date, upd_by, upd_date) VALUES ('SKU26050500055', 'SITE000001', 'PD000203', 'PD000203-블랙-XL', 5000, 29, 'Y', 'admin', NOW(), 'admin', NOW());
INSERT INTO shopjoy_2604.pd_prod_sku (sku_id, site_id, prod_id, sku_code, add_price, prod_opt_stock, use_yn, reg_by, reg_date, upd_by, upd_date) VALUES ('SKU26050500056', 'SITE000001', 'PD000203', 'PD000203-네이비-S', 0, 23, 'Y', 'admin', NOW(), 'admin', NOW());
INSERT INTO shopjoy_2604.pd_prod_sku (sku_id, site_id, prod_id, sku_code, add_price, prod_opt_stock, use_yn, reg_by, reg_date, upd_by, upd_date) VALUES ('SKU26050500057', 'SITE000001', 'PD000203', 'PD000203-네이비-M', 0, 26, 'Y', 'admin', NOW(), 'admin', NOW());
INSERT INTO shopjoy_2604.pd_prod_sku (sku_id, site_id, prod_id, sku_code, add_price, prod_opt_stock, use_yn, reg_by, reg_date, upd_by, upd_date) VALUES ('SKU26050500058', 'SITE000001', 'PD000203', 'PD000203-네이비-L', 5000, 29, 'Y', 'admin', NOW(), 'admin', NOW());
INSERT INTO shopjoy_2604.pd_prod_sku (sku_id, site_id, prod_id, sku_code, add_price, prod_opt_stock, use_yn, reg_by, reg_date, upd_by, upd_date) VALUES ('SKU26050500059', 'SITE000001', 'PD000203', 'PD000203-네이비-XL', 5000, 32, 'Y', 'admin', NOW(), 'admin', NOW());
INSERT INTO shopjoy_2604.pd_prod_sku (sku_id, site_id, prod_id, sku_code, add_price, prod_opt_stock, use_yn, reg_by, reg_date, upd_by, upd_date) VALUES ('SKU26050500060', 'SITE000001', 'PD000203', 'PD000203-베이지-S', 0, 26, 'Y', 'admin', NOW(), 'admin', NOW());
INSERT INTO shopjoy_2604.pd_prod_sku (sku_id, site_id, prod_id, sku_code, add_price, prod_opt_stock, use_yn, reg_by, reg_date, upd_by, upd_date) VALUES ('SKU26050500061', 'SITE000001', 'PD000203', 'PD000203-베이지-M', 0, 29, 'Y', 'admin', NOW(), 'admin', NOW());
INSERT INTO shopjoy_2604.pd_prod_sku (sku_id, site_id, prod_id, sku_code, add_price, prod_opt_stock, use_yn, reg_by, reg_date, upd_by, upd_date) VALUES ('SKU26050500062', 'SITE000001', 'PD000203', 'PD000203-베이지-L', 5000, 32, 'Y', 'admin', NOW(), 'admin', NOW());
INSERT INTO shopjoy_2604.pd_prod_sku (sku_id, site_id, prod_id, sku_code, add_price, prod_opt_stock, use_yn, reg_by, reg_date, upd_by, upd_date) VALUES ('SKU26050500063', 'SITE000001', 'PD000203', 'PD000203-베이지-XL', 5000, 35, 'Y', 'admin', NOW(), 'admin', NOW());

-- ===== sy_attach + pd_prod_img =====
INSERT INTO shopjoy_2604.sy_attach (attach_id, site_id, attach_grp_id, file_nm, file_size, file_ext, mime_type_cd, stored_nm, storage_type, storage_path, attach_url, sort_ord, attach_memo, reg_by, reg_date, upd_by, upd_date) VALUES ('ATT2605050000001', 'SITE000001', 'ATG260505SAMPLES01', 'fashion-1.webp', 102400, 'webp', 'image/webp', 'PD000201_fashion-1.webp', 'LOCAL', '/cdn/product/2026/202605/20260505', 'assets/cdn/prod/img/shop/product/fashion/fashion-1.webp', 1, 'PD000201 이미지 #1', 'admin', NOW(), 'admin', NOW());
INSERT INTO shopjoy_2604.pd_prod_img (prod_img_id, site_id, prod_id, attach_id, cdn_img_url, cdn_thumb_url, img_alt_text, sort_ord, is_thumb, reg_by, reg_date, upd_by, upd_date) VALUES ('PIM2605050000001', 'SITE000001', 'PD000201', 'ATT2605050000001', 'assets/cdn/prod/img/shop/product/fashion/fashion-1.webp', 'assets/cdn/prod/img/shop/product/fashion/fashion-1.webp', '프리미엄 슬림핏 청바지 이미지 1', 1, 'Y', 'admin', NOW(), 'admin', NOW());
INSERT INTO shopjoy_2604.sy_attach (attach_id, site_id, attach_grp_id, file_nm, file_size, file_ext, mime_type_cd, stored_nm, storage_type, storage_path, attach_url, sort_ord, attach_memo, reg_by, reg_date, upd_by, upd_date) VALUES ('ATT2605050000002', 'SITE000001', 'ATG260505SAMPLES01', 'fashion-6.webp', 102400, 'webp', 'image/webp', 'PD000201_fashion-6.webp', 'LOCAL', '/cdn/product/2026/202605/20260505', 'assets/cdn/prod/img/shop/product/fashion/fashion-6.webp', 2, 'PD000201 이미지 #2', 'admin', NOW(), 'admin', NOW());
INSERT INTO shopjoy_2604.pd_prod_img (prod_img_id, site_id, prod_id, attach_id, cdn_img_url, cdn_thumb_url, img_alt_text, sort_ord, is_thumb, reg_by, reg_date, upd_by, upd_date) VALUES ('PIM2605050000002', 'SITE000001', 'PD000201', 'ATT2605050000002', 'assets/cdn/prod/img/shop/product/fashion/fashion-6.webp', 'assets/cdn/prod/img/shop/product/fashion/fashion-6.webp', '프리미엄 슬림핏 청바지 이미지 2', 2, 'N', 'admin', NOW(), 'admin', NOW());
INSERT INTO shopjoy_2604.sy_attach (attach_id, site_id, attach_grp_id, file_nm, file_size, file_ext, mime_type_cd, stored_nm, storage_type, storage_path, attach_url, sort_ord, attach_memo, reg_by, reg_date, upd_by, upd_date) VALUES ('ATT2605050000003', 'SITE000001', 'ATG260505SAMPLES01', 'fashion-7.webp', 102400, 'webp', 'image/webp', 'PD000201_fashion-7.webp', 'LOCAL', '/cdn/product/2026/202605/20260505', 'assets/cdn/prod/img/shop/product/fashion/fashion-7.webp', 3, 'PD000201 이미지 #3', 'admin', NOW(), 'admin', NOW());
INSERT INTO shopjoy_2604.pd_prod_img (prod_img_id, site_id, prod_id, attach_id, cdn_img_url, cdn_thumb_url, img_alt_text, sort_ord, is_thumb, reg_by, reg_date, upd_by, upd_date) VALUES ('PIM2605050000003', 'SITE000001', 'PD000201', 'ATT2605050000003', 'assets/cdn/prod/img/shop/product/fashion/fashion-7.webp', 'assets/cdn/prod/img/shop/product/fashion/fashion-7.webp', '프리미엄 슬림핏 청바지 이미지 3', 3, 'N', 'admin', NOW(), 'admin', NOW());
INSERT INTO shopjoy_2604.sy_attach (attach_id, site_id, attach_grp_id, file_nm, file_size, file_ext, mime_type_cd, stored_nm, storage_type, storage_path, attach_url, sort_ord, attach_memo, reg_by, reg_date, upd_by, upd_date) VALUES ('ATT2605050000004', 'SITE000001', 'ATG260505SAMPLES01', 'fashion-8.webp', 102400, 'webp', 'image/webp', 'PD000201_fashion-8.webp', 'LOCAL', '/cdn/product/2026/202605/20260505', 'assets/cdn/prod/img/shop/product/fashion/fashion-8.webp', 4, 'PD000201 이미지 #4', 'admin', NOW(), 'admin', NOW());
INSERT INTO shopjoy_2604.pd_prod_img (prod_img_id, site_id, prod_id, attach_id, cdn_img_url, cdn_thumb_url, img_alt_text, sort_ord, is_thumb, reg_by, reg_date, upd_by, upd_date) VALUES ('PIM2605050000004', 'SITE000001', 'PD000201', 'ATT2605050000004', 'assets/cdn/prod/img/shop/product/fashion/fashion-8.webp', 'assets/cdn/prod/img/shop/product/fashion/fashion-8.webp', '프리미엄 슬림핏 청바지 이미지 4', 4, 'N', 'admin', NOW(), 'admin', NOW());
INSERT INTO shopjoy_2604.sy_attach (attach_id, site_id, attach_grp_id, file_nm, file_size, file_ext, mime_type_cd, stored_nm, storage_type, storage_path, attach_url, sort_ord, attach_memo, reg_by, reg_date, upd_by, upd_date) VALUES ('ATT2605050000005', 'SITE000001', 'ATG260505SAMPLES01', 'fashion-2.webp', 102400, 'webp', 'image/webp', 'PD000202_fashion-2.webp', 'LOCAL', '/cdn/product/2026/202605/20260505', 'assets/cdn/prod/img/shop/product/fashion/fashion-2.webp', 1, 'PD000202 이미지 #1', 'admin', NOW(), 'admin', NOW());
INSERT INTO shopjoy_2604.pd_prod_img (prod_img_id, site_id, prod_id, attach_id, cdn_img_url, cdn_thumb_url, img_alt_text, sort_ord, is_thumb, reg_by, reg_date, upd_by, upd_date) VALUES ('PIM2605050000005', 'SITE000001', 'PD000202', 'ATT2605050000005', 'assets/cdn/prod/img/shop/product/fashion/fashion-2.webp', 'assets/cdn/prod/img/shop/product/fashion/fashion-2.webp', '데일리 코튼 셔츠 이미지 1', 1, 'Y', 'admin', NOW(), 'admin', NOW());
INSERT INTO shopjoy_2604.sy_attach (attach_id, site_id, attach_grp_id, file_nm, file_size, file_ext, mime_type_cd, stored_nm, storage_type, storage_path, attach_url, sort_ord, attach_memo, reg_by, reg_date, upd_by, upd_date) VALUES ('ATT2605050000006', 'SITE000001', 'ATG260505SAMPLES01', 'fashion-6.webp', 102400, 'webp', 'image/webp', 'PD000202_fashion-6.webp', 'LOCAL', '/cdn/product/2026/202605/20260505', 'assets/cdn/prod/img/shop/product/fashion/fashion-6.webp', 2, 'PD000202 이미지 #2', 'admin', NOW(), 'admin', NOW());
INSERT INTO shopjoy_2604.pd_prod_img (prod_img_id, site_id, prod_id, attach_id, cdn_img_url, cdn_thumb_url, img_alt_text, sort_ord, is_thumb, reg_by, reg_date, upd_by, upd_date) VALUES ('PIM2605050000006', 'SITE000001', 'PD000202', 'ATT2605050000006', 'assets/cdn/prod/img/shop/product/fashion/fashion-6.webp', 'assets/cdn/prod/img/shop/product/fashion/fashion-6.webp', '데일리 코튼 셔츠 이미지 2', 2, 'N', 'admin', NOW(), 'admin', NOW());
INSERT INTO shopjoy_2604.sy_attach (attach_id, site_id, attach_grp_id, file_nm, file_size, file_ext, mime_type_cd, stored_nm, storage_type, storage_path, attach_url, sort_ord, attach_memo, reg_by, reg_date, upd_by, upd_date) VALUES ('ATT2605050000007', 'SITE000001', 'ATG260505SAMPLES01', 'fashion-7.webp', 102400, 'webp', 'image/webp', 'PD000202_fashion-7.webp', 'LOCAL', '/cdn/product/2026/202605/20260505', 'assets/cdn/prod/img/shop/product/fashion/fashion-7.webp', 3, 'PD000202 이미지 #3', 'admin', NOW(), 'admin', NOW());
INSERT INTO shopjoy_2604.pd_prod_img (prod_img_id, site_id, prod_id, attach_id, cdn_img_url, cdn_thumb_url, img_alt_text, sort_ord, is_thumb, reg_by, reg_date, upd_by, upd_date) VALUES ('PIM2605050000007', 'SITE000001', 'PD000202', 'ATT2605050000007', 'assets/cdn/prod/img/shop/product/fashion/fashion-7.webp', 'assets/cdn/prod/img/shop/product/fashion/fashion-7.webp', '데일리 코튼 셔츠 이미지 3', 3, 'N', 'admin', NOW(), 'admin', NOW());
INSERT INTO shopjoy_2604.sy_attach (attach_id, site_id, attach_grp_id, file_nm, file_size, file_ext, mime_type_cd, stored_nm, storage_type, storage_path, attach_url, sort_ord, attach_memo, reg_by, reg_date, upd_by, upd_date) VALUES ('ATT2605050000008', 'SITE000001', 'ATG260505SAMPLES01', 'fashion-8.webp', 102400, 'webp', 'image/webp', 'PD000202_fashion-8.webp', 'LOCAL', '/cdn/product/2026/202605/20260505', 'assets/cdn/prod/img/shop/product/fashion/fashion-8.webp', 4, 'PD000202 이미지 #4', 'admin', NOW(), 'admin', NOW());
INSERT INTO shopjoy_2604.pd_prod_img (prod_img_id, site_id, prod_id, attach_id, cdn_img_url, cdn_thumb_url, img_alt_text, sort_ord, is_thumb, reg_by, reg_date, upd_by, upd_date) VALUES ('PIM2605050000008', 'SITE000001', 'PD000202', 'ATT2605050000008', 'assets/cdn/prod/img/shop/product/fashion/fashion-8.webp', 'assets/cdn/prod/img/shop/product/fashion/fashion-8.webp', '데일리 코튼 셔츠 이미지 4', 4, 'N', 'admin', NOW(), 'admin', NOW());
INSERT INTO shopjoy_2604.sy_attach (attach_id, site_id, attach_grp_id, file_nm, file_size, file_ext, mime_type_cd, stored_nm, storage_type, storage_path, attach_url, sort_ord, attach_memo, reg_by, reg_date, upd_by, upd_date) VALUES ('ATT2605050000009', 'SITE000001', 'ATG260505SAMPLES01', 'fashion-3.webp', 102400, 'webp', 'image/webp', 'PD000203_fashion-3.webp', 'LOCAL', '/cdn/product/2026/202605/20260505', 'assets/cdn/prod/img/shop/product/fashion/fashion-3.webp', 1, 'PD000203 이미지 #1', 'admin', NOW(), 'admin', NOW());
INSERT INTO shopjoy_2604.pd_prod_img (prod_img_id, site_id, prod_id, attach_id, cdn_img_url, cdn_thumb_url, img_alt_text, sort_ord, is_thumb, reg_by, reg_date, upd_by, upd_date) VALUES ('PIM2605050000009', 'SITE000001', 'PD000203', 'ATT2605050000009', 'assets/cdn/prod/img/shop/product/fashion/fashion-3.webp', 'assets/cdn/prod/img/shop/product/fashion/fashion-3.webp', '오버사이즈 후드 티셔츠 이미지 1', 1, 'Y', 'admin', NOW(), 'admin', NOW());
INSERT INTO shopjoy_2604.sy_attach (attach_id, site_id, attach_grp_id, file_nm, file_size, file_ext, mime_type_cd, stored_nm, storage_type, storage_path, attach_url, sort_ord, attach_memo, reg_by, reg_date, upd_by, upd_date) VALUES ('ATT2605050000010', 'SITE000001', 'ATG260505SAMPLES01', 'fashion-6.webp', 102400, 'webp', 'image/webp', 'PD000203_fashion-6.webp', 'LOCAL', '/cdn/product/2026/202605/20260505', 'assets/cdn/prod/img/shop/product/fashion/fashion-6.webp', 2, 'PD000203 이미지 #2', 'admin', NOW(), 'admin', NOW());
INSERT INTO shopjoy_2604.pd_prod_img (prod_img_id, site_id, prod_id, attach_id, cdn_img_url, cdn_thumb_url, img_alt_text, sort_ord, is_thumb, reg_by, reg_date, upd_by, upd_date) VALUES ('PIM2605050000010', 'SITE000001', 'PD000203', 'ATT2605050000010', 'assets/cdn/prod/img/shop/product/fashion/fashion-6.webp', 'assets/cdn/prod/img/shop/product/fashion/fashion-6.webp', '오버사이즈 후드 티셔츠 이미지 2', 2, 'N', 'admin', NOW(), 'admin', NOW());
INSERT INTO shopjoy_2604.sy_attach (attach_id, site_id, attach_grp_id, file_nm, file_size, file_ext, mime_type_cd, stored_nm, storage_type, storage_path, attach_url, sort_ord, attach_memo, reg_by, reg_date, upd_by, upd_date) VALUES ('ATT2605050000011', 'SITE000001', 'ATG260505SAMPLES01', 'fashion-7.webp', 102400, 'webp', 'image/webp', 'PD000203_fashion-7.webp', 'LOCAL', '/cdn/product/2026/202605/20260505', 'assets/cdn/prod/img/shop/product/fashion/fashion-7.webp', 3, 'PD000203 이미지 #3', 'admin', NOW(), 'admin', NOW());
INSERT INTO shopjoy_2604.pd_prod_img (prod_img_id, site_id, prod_id, attach_id, cdn_img_url, cdn_thumb_url, img_alt_text, sort_ord, is_thumb, reg_by, reg_date, upd_by, upd_date) VALUES ('PIM2605050000011', 'SITE000001', 'PD000203', 'ATT2605050000011', 'assets/cdn/prod/img/shop/product/fashion/fashion-7.webp', 'assets/cdn/prod/img/shop/product/fashion/fashion-7.webp', '오버사이즈 후드 티셔츠 이미지 3', 3, 'N', 'admin', NOW(), 'admin', NOW());
INSERT INTO shopjoy_2604.sy_attach (attach_id, site_id, attach_grp_id, file_nm, file_size, file_ext, mime_type_cd, stored_nm, storage_type, storage_path, attach_url, sort_ord, attach_memo, reg_by, reg_date, upd_by, upd_date) VALUES ('ATT2605050000012', 'SITE000001', 'ATG260505SAMPLES01', 'fashion-8.webp', 102400, 'webp', 'image/webp', 'PD000203_fashion-8.webp', 'LOCAL', '/cdn/product/2026/202605/20260505', 'assets/cdn/prod/img/shop/product/fashion/fashion-8.webp', 4, 'PD000203 이미지 #4', 'admin', NOW(), 'admin', NOW());
INSERT INTO shopjoy_2604.pd_prod_img (prod_img_id, site_id, prod_id, attach_id, cdn_img_url, cdn_thumb_url, img_alt_text, sort_ord, is_thumb, reg_by, reg_date, upd_by, upd_date) VALUES ('PIM2605050000012', 'SITE000001', 'PD000203', 'ATT2605050000012', 'assets/cdn/prod/img/shop/product/fashion/fashion-8.webp', 'assets/cdn/prod/img/shop/product/fashion/fashion-8.webp', '오버사이즈 후드 티셔츠 이미지 4', 4, 'N', 'admin', NOW(), 'admin', NOW());
INSERT INTO shopjoy_2604.sy_attach (attach_id, site_id, attach_grp_id, file_nm, file_size, file_ext, mime_type_cd, stored_nm, storage_type, storage_path, attach_url, sort_ord, attach_memo, reg_by, reg_date, upd_by, upd_date) VALUES ('ATT2605050000013', 'SITE000001', 'ATG260505SAMPLES01', 'fashion-4.webp', 102400, 'webp', 'image/webp', 'PD000204_fashion-4.webp', 'LOCAL', '/cdn/product/2026/202605/20260505', 'assets/cdn/prod/img/shop/product/fashion/fashion-4.webp', 1, 'PD000204 이미지 #1', 'admin', NOW(), 'admin', NOW());
INSERT INTO shopjoy_2604.pd_prod_img (prod_img_id, site_id, prod_id, attach_id, cdn_img_url, cdn_thumb_url, img_alt_text, sort_ord, is_thumb, reg_by, reg_date, upd_by, upd_date) VALUES ('PIM2605050000013', 'SITE000001', 'PD000204', 'ATT2605050000013', 'assets/cdn/prod/img/shop/product/fashion/fashion-4.webp', 'assets/cdn/prod/img/shop/product/fashion/fashion-4.webp', '베이직 코디 묶음 이미지 1', 1, 'Y', 'admin', NOW(), 'admin', NOW());
INSERT INTO shopjoy_2604.sy_attach (attach_id, site_id, attach_grp_id, file_nm, file_size, file_ext, mime_type_cd, stored_nm, storage_type, storage_path, attach_url, sort_ord, attach_memo, reg_by, reg_date, upd_by, upd_date) VALUES ('ATT2605050000014', 'SITE000001', 'ATG260505SAMPLES01', 'fashion-6.webp', 102400, 'webp', 'image/webp', 'PD000204_fashion-6.webp', 'LOCAL', '/cdn/product/2026/202605/20260505', 'assets/cdn/prod/img/shop/product/fashion/fashion-6.webp', 2, 'PD000204 이미지 #2', 'admin', NOW(), 'admin', NOW());
INSERT INTO shopjoy_2604.pd_prod_img (prod_img_id, site_id, prod_id, attach_id, cdn_img_url, cdn_thumb_url, img_alt_text, sort_ord, is_thumb, reg_by, reg_date, upd_by, upd_date) VALUES ('PIM2605050000014', 'SITE000001', 'PD000204', 'ATT2605050000014', 'assets/cdn/prod/img/shop/product/fashion/fashion-6.webp', 'assets/cdn/prod/img/shop/product/fashion/fashion-6.webp', '베이직 코디 묶음 이미지 2', 2, 'N', 'admin', NOW(), 'admin', NOW());
INSERT INTO shopjoy_2604.sy_attach (attach_id, site_id, attach_grp_id, file_nm, file_size, file_ext, mime_type_cd, stored_nm, storage_type, storage_path, attach_url, sort_ord, attach_memo, reg_by, reg_date, upd_by, upd_date) VALUES ('ATT2605050000015', 'SITE000001', 'ATG260505SAMPLES01', 'fashion-7.webp', 102400, 'webp', 'image/webp', 'PD000204_fashion-7.webp', 'LOCAL', '/cdn/product/2026/202605/20260505', 'assets/cdn/prod/img/shop/product/fashion/fashion-7.webp', 3, 'PD000204 이미지 #3', 'admin', NOW(), 'admin', NOW());
INSERT INTO shopjoy_2604.pd_prod_img (prod_img_id, site_id, prod_id, attach_id, cdn_img_url, cdn_thumb_url, img_alt_text, sort_ord, is_thumb, reg_by, reg_date, upd_by, upd_date) VALUES ('PIM2605050000015', 'SITE000001', 'PD000204', 'ATT2605050000015', 'assets/cdn/prod/img/shop/product/fashion/fashion-7.webp', 'assets/cdn/prod/img/shop/product/fashion/fashion-7.webp', '베이직 코디 묶음 이미지 3', 3, 'N', 'admin', NOW(), 'admin', NOW());
INSERT INTO shopjoy_2604.sy_attach (attach_id, site_id, attach_grp_id, file_nm, file_size, file_ext, mime_type_cd, stored_nm, storage_type, storage_path, attach_url, sort_ord, attach_memo, reg_by, reg_date, upd_by, upd_date) VALUES ('ATT2605050000016', 'SITE000001', 'ATG260505SAMPLES01', 'fashion-8.webp', 102400, 'webp', 'image/webp', 'PD000204_fashion-8.webp', 'LOCAL', '/cdn/product/2026/202605/20260505', 'assets/cdn/prod/img/shop/product/fashion/fashion-8.webp', 4, 'PD000204 이미지 #4', 'admin', NOW(), 'admin', NOW());
INSERT INTO shopjoy_2604.pd_prod_img (prod_img_id, site_id, prod_id, attach_id, cdn_img_url, cdn_thumb_url, img_alt_text, sort_ord, is_thumb, reg_by, reg_date, upd_by, upd_date) VALUES ('PIM2605050000016', 'SITE000001', 'PD000204', 'ATT2605050000016', 'assets/cdn/prod/img/shop/product/fashion/fashion-8.webp', 'assets/cdn/prod/img/shop/product/fashion/fashion-8.webp', '베이직 코디 묶음 이미지 4', 4, 'N', 'admin', NOW(), 'admin', NOW());
INSERT INTO shopjoy_2604.sy_attach (attach_id, site_id, attach_grp_id, file_nm, file_size, file_ext, mime_type_cd, stored_nm, storage_type, storage_path, attach_url, sort_ord, attach_memo, reg_by, reg_date, upd_by, upd_date) VALUES ('ATT2605050000017', 'SITE000001', 'ATG260505SAMPLES01', 'fashion-5.webp', 102400, 'webp', 'image/webp', 'PD000205_fashion-5.webp', 'LOCAL', '/cdn/product/2026/202605/20260505', 'assets/cdn/prod/img/shop/product/fashion/fashion-5.webp', 1, 'PD000205 이미지 #1', 'admin', NOW(), 'admin', NOW());
INSERT INTO shopjoy_2604.pd_prod_img (prod_img_id, site_id, prod_id, attach_id, cdn_img_url, cdn_thumb_url, img_alt_text, sort_ord, is_thumb, reg_by, reg_date, upd_by, upd_date) VALUES ('PIM2605050000017', 'SITE000001', 'PD000205', 'ATT2605050000017', 'assets/cdn/prod/img/shop/product/fashion/fashion-5.webp', 'assets/cdn/prod/img/shop/product/fashion/fashion-5.webp', '위크엔드 데일리 세트 이미지 1', 1, 'Y', 'admin', NOW(), 'admin', NOW());
INSERT INTO shopjoy_2604.sy_attach (attach_id, site_id, attach_grp_id, file_nm, file_size, file_ext, mime_type_cd, stored_nm, storage_type, storage_path, attach_url, sort_ord, attach_memo, reg_by, reg_date, upd_by, upd_date) VALUES ('ATT2605050000018', 'SITE000001', 'ATG260505SAMPLES01', 'fashion-6.webp', 102400, 'webp', 'image/webp', 'PD000205_fashion-6.webp', 'LOCAL', '/cdn/product/2026/202605/20260505', 'assets/cdn/prod/img/shop/product/fashion/fashion-6.webp', 2, 'PD000205 이미지 #2', 'admin', NOW(), 'admin', NOW());
INSERT INTO shopjoy_2604.pd_prod_img (prod_img_id, site_id, prod_id, attach_id, cdn_img_url, cdn_thumb_url, img_alt_text, sort_ord, is_thumb, reg_by, reg_date, upd_by, upd_date) VALUES ('PIM2605050000018', 'SITE000001', 'PD000205', 'ATT2605050000018', 'assets/cdn/prod/img/shop/product/fashion/fashion-6.webp', 'assets/cdn/prod/img/shop/product/fashion/fashion-6.webp', '위크엔드 데일리 세트 이미지 2', 2, 'N', 'admin', NOW(), 'admin', NOW());
INSERT INTO shopjoy_2604.sy_attach (attach_id, site_id, attach_grp_id, file_nm, file_size, file_ext, mime_type_cd, stored_nm, storage_type, storage_path, attach_url, sort_ord, attach_memo, reg_by, reg_date, upd_by, upd_date) VALUES ('ATT2605050000019', 'SITE000001', 'ATG260505SAMPLES01', 'fashion-7.webp', 102400, 'webp', 'image/webp', 'PD000205_fashion-7.webp', 'LOCAL', '/cdn/product/2026/202605/20260505', 'assets/cdn/prod/img/shop/product/fashion/fashion-7.webp', 3, 'PD000205 이미지 #3', 'admin', NOW(), 'admin', NOW());
INSERT INTO shopjoy_2604.pd_prod_img (prod_img_id, site_id, prod_id, attach_id, cdn_img_url, cdn_thumb_url, img_alt_text, sort_ord, is_thumb, reg_by, reg_date, upd_by, upd_date) VALUES ('PIM2605050000019', 'SITE000001', 'PD000205', 'ATT2605050000019', 'assets/cdn/prod/img/shop/product/fashion/fashion-7.webp', 'assets/cdn/prod/img/shop/product/fashion/fashion-7.webp', '위크엔드 데일리 세트 이미지 3', 3, 'N', 'admin', NOW(), 'admin', NOW());
INSERT INTO shopjoy_2604.sy_attach (attach_id, site_id, attach_grp_id, file_nm, file_size, file_ext, mime_type_cd, stored_nm, storage_type, storage_path, attach_url, sort_ord, attach_memo, reg_by, reg_date, upd_by, upd_date) VALUES ('ATT2605050000020', 'SITE000001', 'ATG260505SAMPLES01', 'fashion-8.webp', 102400, 'webp', 'image/webp', 'PD000205_fashion-8.webp', 'LOCAL', '/cdn/product/2026/202605/20260505', 'assets/cdn/prod/img/shop/product/fashion/fashion-8.webp', 4, 'PD000205 이미지 #4', 'admin', NOW(), 'admin', NOW());
INSERT INTO shopjoy_2604.pd_prod_img (prod_img_id, site_id, prod_id, attach_id, cdn_img_url, cdn_thumb_url, img_alt_text, sort_ord, is_thumb, reg_by, reg_date, upd_by, upd_date) VALUES ('PIM2605050000020', 'SITE000001', 'PD000205', 'ATT2605050000020', 'assets/cdn/prod/img/shop/product/fashion/fashion-8.webp', 'assets/cdn/prod/img/shop/product/fashion/fashion-8.webp', '위크엔드 데일리 세트 이미지 4', 4, 'N', 'admin', NOW(), 'admin', NOW());

-- ===== pd_prod_content =====
INSERT INTO shopjoy_2604.pd_prod_content (prod_content_id, site_id, prod_id, content_type_cd, content_html, sort_ord, use_yn, reg_by, reg_date, upd_by, upd_date) VALUES ('PCT26050500001', 'SITE000001', 'PD000201', 'DETAIL', '<div style="text-align:center;padding:40px;"><h2>프리미엄 슬림핏 청바지</h2><p>고급 소재와 깔끔한 디자인의 만남.</p><img src="assets/cdn/prod/img/shop/product/fashion/fashion-1.webp" style="max-width:600px;"/><ul><li>소재: 면 100%</li><li>핏: 슬림</li><li>세탁: 드라이클리닝</li></ul></div>', 1, 'Y', 'admin', NOW(), 'admin', NOW());
INSERT INTO shopjoy_2604.pd_prod_content (prod_content_id, site_id, prod_id, content_type_cd, content_html, sort_ord, use_yn, reg_by, reg_date, upd_by, upd_date) VALUES ('PCT26050500002', 'SITE000001', 'PD000202', 'DETAIL', '<div style="text-align:center;padding:40px;"><h2>데일리 코튼 셔츠</h2><p>고급 소재와 깔끔한 디자인의 만남.</p><img src="assets/cdn/prod/img/shop/product/fashion/fashion-2.webp" style="max-width:600px;"/><ul><li>소재: 면 100%</li><li>핏: 슬림</li><li>세탁: 드라이클리닝</li></ul></div>', 1, 'Y', 'admin', NOW(), 'admin', NOW());
INSERT INTO shopjoy_2604.pd_prod_content (prod_content_id, site_id, prod_id, content_type_cd, content_html, sort_ord, use_yn, reg_by, reg_date, upd_by, upd_date) VALUES ('PCT26050500003', 'SITE000001', 'PD000203', 'DETAIL', '<div style="text-align:center;padding:40px;"><h2>오버사이즈 후드 티셔츠</h2><p>고급 소재와 깔끔한 디자인의 만남.</p><img src="assets/cdn/prod/img/shop/product/fashion/fashion-3.webp" style="max-width:600px;"/><ul><li>소재: 면 100%</li><li>핏: 슬림</li><li>세탁: 드라이클리닝</li></ul></div>', 1, 'Y', 'admin', NOW(), 'admin', NOW());
INSERT INTO shopjoy_2604.pd_prod_content (prod_content_id, site_id, prod_id, content_type_cd, content_html, sort_ord, use_yn, reg_by, reg_date, upd_by, upd_date) VALUES ('PCT26050500004', 'SITE000001', 'PD000204', 'DETAIL', '<div style="text-align:center;padding:40px;"><h2>베이직 코디 묶음</h2><p>고급 소재와 깔끔한 디자인의 만남.</p><img src="assets/cdn/prod/img/shop/product/fashion/fashion-4.webp" style="max-width:600px;"/><ul><li>소재: 면 100%</li><li>핏: 슬림</li><li>세탁: 드라이클리닝</li></ul></div>', 1, 'Y', 'admin', NOW(), 'admin', NOW());
INSERT INTO shopjoy_2604.pd_prod_content (prod_content_id, site_id, prod_id, content_type_cd, content_html, sort_ord, use_yn, reg_by, reg_date, upd_by, upd_date) VALUES ('PCT26050500005', 'SITE000001', 'PD000205', 'DETAIL', '<div style="text-align:center;padding:40px;"><h2>위크엔드 데일리 세트</h2><p>고급 소재와 깔끔한 디자인의 만남.</p><img src="assets/cdn/prod/img/shop/product/fashion/fashion-5.webp" style="max-width:600px;"/><ul><li>소재: 면 100%</li><li>핏: 슬림</li><li>세탁: 드라이클리닝</li></ul></div>', 1, 'Y', 'admin', NOW(), 'admin', NOW());

-- ===== pd_prod_tag =====
INSERT INTO shopjoy_2604.pd_prod_tag (prod_tag_id, site_id, prod_id, tag_id, reg_by, reg_date, upd_by, upd_date) VALUES ('PTG26050500001', 'SITE000001', 'PD000201', 'TG000001', 'admin', NOW(), 'admin', NOW());
INSERT INTO shopjoy_2604.pd_prod_tag (prod_tag_id, site_id, prod_id, tag_id, reg_by, reg_date, upd_by, upd_date) VALUES ('PTG26050500002', 'SITE000001', 'PD000201', 'TG000003', 'admin', NOW(), 'admin', NOW());
INSERT INTO shopjoy_2604.pd_prod_tag (prod_tag_id, site_id, prod_id, tag_id, reg_by, reg_date, upd_by, upd_date) VALUES ('PTG26050500003', 'SITE000001', 'PD000201', 'TG000010', 'admin', NOW(), 'admin', NOW());
INSERT INTO shopjoy_2604.pd_prod_tag (prod_tag_id, site_id, prod_id, tag_id, reg_by, reg_date, upd_by, upd_date) VALUES ('PTG26050500004', 'SITE000001', 'PD000202', 'TG000001', 'admin', NOW(), 'admin', NOW());
INSERT INTO shopjoy_2604.pd_prod_tag (prod_tag_id, site_id, prod_id, tag_id, reg_by, reg_date, upd_by, upd_date) VALUES ('PTG26050500005', 'SITE000001', 'PD000202', 'TG000003', 'admin', NOW(), 'admin', NOW());
INSERT INTO shopjoy_2604.pd_prod_tag (prod_tag_id, site_id, prod_id, tag_id, reg_by, reg_date, upd_by, upd_date) VALUES ('PTG26050500006', 'SITE000001', 'PD000202', 'TG000010', 'admin', NOW(), 'admin', NOW());
INSERT INTO shopjoy_2604.pd_prod_tag (prod_tag_id, site_id, prod_id, tag_id, reg_by, reg_date, upd_by, upd_date) VALUES ('PTG26050500007', 'SITE000001', 'PD000203', 'TG000001', 'admin', NOW(), 'admin', NOW());
INSERT INTO shopjoy_2604.pd_prod_tag (prod_tag_id, site_id, prod_id, tag_id, reg_by, reg_date, upd_by, upd_date) VALUES ('PTG26050500008', 'SITE000001', 'PD000203', 'TG000003', 'admin', NOW(), 'admin', NOW());
INSERT INTO shopjoy_2604.pd_prod_tag (prod_tag_id, site_id, prod_id, tag_id, reg_by, reg_date, upd_by, upd_date) VALUES ('PTG26050500009', 'SITE000001', 'PD000203', 'TG000010', 'admin', NOW(), 'admin', NOW());
INSERT INTO shopjoy_2604.pd_prod_tag (prod_tag_id, site_id, prod_id, tag_id, reg_by, reg_date, upd_by, upd_date) VALUES ('PTG26050500010', 'SITE000001', 'PD000204', 'TG000001', 'admin', NOW(), 'admin', NOW());
INSERT INTO shopjoy_2604.pd_prod_tag (prod_tag_id, site_id, prod_id, tag_id, reg_by, reg_date, upd_by, upd_date) VALUES ('PTG26050500011', 'SITE000001', 'PD000204', 'TG000003', 'admin', NOW(), 'admin', NOW());
INSERT INTO shopjoy_2604.pd_prod_tag (prod_tag_id, site_id, prod_id, tag_id, reg_by, reg_date, upd_by, upd_date) VALUES ('PTG26050500012', 'SITE000001', 'PD000204', 'TG000010', 'admin', NOW(), 'admin', NOW());
INSERT INTO shopjoy_2604.pd_prod_tag (prod_tag_id, site_id, prod_id, tag_id, reg_by, reg_date, upd_by, upd_date) VALUES ('PTG26050500013', 'SITE000001', 'PD000205', 'TG000001', 'admin', NOW(), 'admin', NOW());
INSERT INTO shopjoy_2604.pd_prod_tag (prod_tag_id, site_id, prod_id, tag_id, reg_by, reg_date, upd_by, upd_date) VALUES ('PTG26050500014', 'SITE000001', 'PD000205', 'TG000003', 'admin', NOW(), 'admin', NOW());
INSERT INTO shopjoy_2604.pd_prod_tag (prod_tag_id, site_id, prod_id, tag_id, reg_by, reg_date, upd_by, upd_date) VALUES ('PTG26050500015', 'SITE000001', 'PD000205', 'TG000010', 'admin', NOW(), 'admin', NOW());

-- ===== pd_prod_qna =====
INSERT INTO shopjoy_2604.pd_prod_qna (qna_id, site_id, prod_id, member_id, qna_type_cd, qna_title, qna_content, scrt_yn, answ_yn, answ_content, answ_date, answ_user_id, disp_yn, use_yn, reg_by, reg_date, upd_by, upd_date) VALUES ('QNA26050500001', 'SITE000001', 'PD000201', 'MBR0000000000001', 'PROD', '사이즈 문의', '평소 M 입는데 어떤 사이즈가 좋을까요?', 'N', 'Y', '평소 핏보다 한 단계 작게 나옵니다. L 추천드려요.', NOW(), 'admin', 'Y', 'Y', 'MBR0000000000001', NOW(), 'admin', NOW());
INSERT INTO shopjoy_2604.pd_prod_qna (qna_id, site_id, prod_id, member_id, qna_type_cd, qna_title, qna_content, scrt_yn, answ_yn, answ_content, answ_date, answ_user_id, disp_yn, use_yn, reg_by, reg_date, upd_by, upd_date) VALUES ('QNA26050500002', 'SITE000001', 'PD000201', 'MBR0000000000002', 'PROD', '재입고 일정', 'L 사이즈 언제 재입고 되나요?', 'N', 'Y', '다음 주 입고 예정입니다. 알림 신청 부탁드려요.', NOW(), 'admin', 'Y', 'Y', 'MBR0000000000002', NOW(), 'admin', NOW());
INSERT INTO shopjoy_2604.pd_prod_qna (qna_id, site_id, prod_id, member_id, qna_type_cd, qna_title, qna_content, scrt_yn, answ_yn, answ_content, answ_date, answ_user_id, disp_yn, use_yn, reg_by, reg_date, upd_by, upd_date) VALUES ('QNA26050500003', 'SITE000001', 'PD000202', 'MBR0000000000001', 'PROD', '사이즈 문의', '평소 M 입는데 어떤 사이즈가 좋을까요?', 'N', 'Y', '평소 핏보다 한 단계 작게 나옵니다. L 추천드려요.', NOW(), 'admin', 'Y', 'Y', 'MBR0000000000001', NOW(), 'admin', NOW());
INSERT INTO shopjoy_2604.pd_prod_qna (qna_id, site_id, prod_id, member_id, qna_type_cd, qna_title, qna_content, scrt_yn, answ_yn, answ_content, answ_date, answ_user_id, disp_yn, use_yn, reg_by, reg_date, upd_by, upd_date) VALUES ('QNA26050500004', 'SITE000001', 'PD000202', 'MBR0000000000002', 'PROD', '재입고 일정', 'L 사이즈 언제 재입고 되나요?', 'N', 'Y', '다음 주 입고 예정입니다. 알림 신청 부탁드려요.', NOW(), 'admin', 'Y', 'Y', 'MBR0000000000002', NOW(), 'admin', NOW());
INSERT INTO shopjoy_2604.pd_prod_qna (qna_id, site_id, prod_id, member_id, qna_type_cd, qna_title, qna_content, scrt_yn, answ_yn, answ_content, answ_date, answ_user_id, disp_yn, use_yn, reg_by, reg_date, upd_by, upd_date) VALUES ('QNA26050500005', 'SITE000001', 'PD000203', 'MBR0000000000001', 'PROD', '사이즈 문의', '평소 M 입는데 어떤 사이즈가 좋을까요?', 'N', 'Y', '평소 핏보다 한 단계 작게 나옵니다. L 추천드려요.', NOW(), 'admin', 'Y', 'Y', 'MBR0000000000001', NOW(), 'admin', NOW());
INSERT INTO shopjoy_2604.pd_prod_qna (qna_id, site_id, prod_id, member_id, qna_type_cd, qna_title, qna_content, scrt_yn, answ_yn, answ_content, answ_date, answ_user_id, disp_yn, use_yn, reg_by, reg_date, upd_by, upd_date) VALUES ('QNA26050500006', 'SITE000001', 'PD000203', 'MBR0000000000002', 'PROD', '재입고 일정', 'L 사이즈 언제 재입고 되나요?', 'N', 'Y', '다음 주 입고 예정입니다. 알림 신청 부탁드려요.', NOW(), 'admin', 'Y', 'Y', 'MBR0000000000002', NOW(), 'admin', NOW());
INSERT INTO shopjoy_2604.pd_prod_qna (qna_id, site_id, prod_id, member_id, qna_type_cd, qna_title, qna_content, scrt_yn, answ_yn, answ_content, answ_date, answ_user_id, disp_yn, use_yn, reg_by, reg_date, upd_by, upd_date) VALUES ('QNA26050500007', 'SITE000001', 'PD000204', 'MBR0000000000001', 'PROD', '사이즈 문의', '평소 M 입는데 어떤 사이즈가 좋을까요?', 'N', 'Y', '평소 핏보다 한 단계 작게 나옵니다. L 추천드려요.', NOW(), 'admin', 'Y', 'Y', 'MBR0000000000001', NOW(), 'admin', NOW());
INSERT INTO shopjoy_2604.pd_prod_qna (qna_id, site_id, prod_id, member_id, qna_type_cd, qna_title, qna_content, scrt_yn, answ_yn, answ_content, answ_date, answ_user_id, disp_yn, use_yn, reg_by, reg_date, upd_by, upd_date) VALUES ('QNA26050500008', 'SITE000001', 'PD000204', 'MBR0000000000002', 'PROD', '재입고 일정', 'L 사이즈 언제 재입고 되나요?', 'N', 'Y', '다음 주 입고 예정입니다. 알림 신청 부탁드려요.', NOW(), 'admin', 'Y', 'Y', 'MBR0000000000002', NOW(), 'admin', NOW());
INSERT INTO shopjoy_2604.pd_prod_qna (qna_id, site_id, prod_id, member_id, qna_type_cd, qna_title, qna_content, scrt_yn, answ_yn, answ_content, answ_date, answ_user_id, disp_yn, use_yn, reg_by, reg_date, upd_by, upd_date) VALUES ('QNA26050500009', 'SITE000001', 'PD000205', 'MBR0000000000001', 'PROD', '사이즈 문의', '평소 M 입는데 어떤 사이즈가 좋을까요?', 'N', 'Y', '평소 핏보다 한 단계 작게 나옵니다. L 추천드려요.', NOW(), 'admin', 'Y', 'Y', 'MBR0000000000001', NOW(), 'admin', NOW());
INSERT INTO shopjoy_2604.pd_prod_qna (qna_id, site_id, prod_id, member_id, qna_type_cd, qna_title, qna_content, scrt_yn, answ_yn, answ_content, answ_date, answ_user_id, disp_yn, use_yn, reg_by, reg_date, upd_by, upd_date) VALUES ('QNA26050500010', 'SITE000001', 'PD000205', 'MBR0000000000002', 'PROD', '재입고 일정', 'L 사이즈 언제 재입고 되나요?', 'N', 'Y', '다음 주 입고 예정입니다. 알림 신청 부탁드려요.', NOW(), 'admin', 'Y', 'Y', 'MBR0000000000002', NOW(), 'admin', NOW());

-- ===== pd_prod_rel =====
INSERT INTO shopjoy_2604.pd_prod_rel (prod_rel_id, prod_id, rel_prod_id, prod_rel_type_cd, sort_ord, use_yn, reg_by, reg_date, upd_by, upd_date) VALUES ('REL26050500001', 'PD000201', 'PD000202', 'RELATED', 1, 'Y', 'admin', NOW(), 'admin', NOW());
INSERT INTO shopjoy_2604.pd_prod_rel (prod_rel_id, prod_id, rel_prod_id, prod_rel_type_cd, sort_ord, use_yn, reg_by, reg_date, upd_by, upd_date) VALUES ('REL26050500002', 'PD000201', 'PD000203', 'RELATED', 1, 'Y', 'admin', NOW(), 'admin', NOW());
INSERT INTO shopjoy_2604.pd_prod_rel (prod_rel_id, prod_id, rel_prod_id, prod_rel_type_cd, sort_ord, use_yn, reg_by, reg_date, upd_by, upd_date) VALUES ('REL26050500003', 'PD000202', 'PD000201', 'RELATED', 1, 'Y', 'admin', NOW(), 'admin', NOW());
INSERT INTO shopjoy_2604.pd_prod_rel (prod_rel_id, prod_id, rel_prod_id, prod_rel_type_cd, sort_ord, use_yn, reg_by, reg_date, upd_by, upd_date) VALUES ('REL26050500004', 'PD000202', 'PD000203', 'RELATED', 1, 'Y', 'admin', NOW(), 'admin', NOW());
INSERT INTO shopjoy_2604.pd_prod_rel (prod_rel_id, prod_id, rel_prod_id, prod_rel_type_cd, sort_ord, use_yn, reg_by, reg_date, upd_by, upd_date) VALUES ('REL26050500005', 'PD000203', 'PD000201', 'RELATED', 1, 'Y', 'admin', NOW(), 'admin', NOW());
INSERT INTO shopjoy_2604.pd_prod_rel (prod_rel_id, prod_id, rel_prod_id, prod_rel_type_cd, sort_ord, use_yn, reg_by, reg_date, upd_by, upd_date) VALUES ('REL26050500006', 'PD000204', 'PD000205', 'RECOMMEND', 1, 'Y', 'admin', NOW(), 'admin', NOW());

-- ===== pd_prod_bundle_item =====
INSERT INTO shopjoy_2604.pd_prod_bundle_item (bundle_item_id, site_id, bundle_prod_id, item_prod_id, item_qty, price_rate, sort_ord, use_yn, reg_by, reg_date, upd_by, upd_date) VALUES ('BIT26050500001', 'SITE000001', 'PD000204', 'PD000201', 1, 50.00, 1, 'Y', 'admin', NOW(), 'admin', NOW());
INSERT INTO shopjoy_2604.pd_prod_bundle_item (bundle_item_id, site_id, bundle_prod_id, item_prod_id, item_qty, price_rate, sort_ord, use_yn, reg_by, reg_date, upd_by, upd_date) VALUES ('BIT26050500002', 'SITE000001', 'PD000204', 'PD000202', 2, 50.00, 2, 'Y', 'admin', NOW(), 'admin', NOW());

-- ===== pd_prod_set_item =====
INSERT INTO shopjoy_2604.pd_prod_set_item (set_item_id, site_id, set_prod_id, item_prod_id, item_nm, item_qty, item_desc, sort_ord, use_yn, reg_by, reg_date, upd_by, upd_date) VALUES ('SIT26050500001', 'SITE000001', 'PD000205', 'PD000201', '프리미엄 슬림핏 청바지', 1, '데일리 코어 아이템', 1, 'Y', 'admin', NOW(), 'admin', NOW());
INSERT INTO shopjoy_2604.pd_prod_set_item (set_item_id, site_id, set_prod_id, item_prod_id, item_nm, item_qty, item_desc, sort_ord, use_yn, reg_by, reg_date, upd_by, upd_date) VALUES ('SIT26050500002', 'SITE000001', 'PD000205', 'PD000203', '오버사이즈 후드 티셔츠', 1, '편안한 매치 아이템', 2, 'Y', 'admin', NOW(), 'admin', NOW());

COMMIT;